date,commodity,forecast,lower_ci,upper_ci
2023-02-01,Gari (white),354.21769053417006,327.88494987215256,380.55043119618756
2023-03-01,Gari (white),355.10538106834014,314.0342037823621,396.17655835431816
2023-04-01,Gari (white),355.9930716025102,300.9106477121843,411.0754954928361
2023-05-01,Gari (white),356.8807621366803,287.6789053141278,426.0826189592328
2023-06-01,Gari (white),357.76845267085037,274.0719736241974,441.4649317175033
2023-07-01,Gari (white),358.65614320502044,259.98257746438827,457.3297089456526
2023-08-01,Gari (white),359.5438337391905,245.3650213256554,473.72264615272564
2023-09-01,Gari (white),360.4315242733606,230.20144022065782,490.6616083260634
2023-10-01,Gari (white),361.31921480753067,214.48774119379465,508.1506884212667
2023-11-01,Gari (white),362.20690534170075,198.22699785065785,526.1868128327436
2023-12-01,Gari (white),363.0945958758708,181.4260836154154,544.7631081363263
2024-01-01,Gari (white),363.9822864100409,164.0938555166195,563.8707173034622
