commodity,month,price,lower_bound,upper_bound
Beans (red),2016-01-01,4200.0,-1422.1575000000003,4184.262500000001
Beans (red),2024-06-01,5000.0,-1422.1575000000003,4184.262500000001
Beans (red),2024-07-01,5329.41,-1422.1575000000003,4184.262500000001
Beans (red),2024-08-01,5302.325,-1422.1575000000003,4184.262500000001
Beans (red),2024-09-01,6000.0,-1422.1575000000003,4184.262500000001
Beans (red),2024-10-01,4429.03,-1422.1575000000003,4184.262500000001
Oil (palm),2025-12-01,2937.5,-782.5,2549.5
Oil (palm),2026-06-01,2564.585,-782.5,2549.5
Rice (local),2024-08-01,4400.0,-1447.625,4272.375
Rice (local),2024-09-01,4550.0,-1447.625,4272.375
Rice (local),2024-10-01,4500.0,-1447.625,4272.375
Tomatoes,2026-07-01,500.0,-150.0,410.0
Yam,2024-06-01,3000.0,-1154.23,2917.05
Yam,2024-07-01,3361.29,-1154.23,2917.05
Yam,2024-08-01,3625.0,-1154.23,2917.05
Yam,2024-09-01,3000.0,-1154.23,2917.05
Yam,2024-10-01,3435.48,-1154.23,2917.05
Yam,2024-11-01,3000.0,-1154.23,2917.05
Yam,2024-12-01,3130.435,-1154.23,2917.05
Yam,2025-01-01,3056.45,-1154.23,2917.05
Yam,2025-02-01,3446.43,-1154.23,2917.05
Yam,2025-03-01,3500.0,-1154.23,2917.05
Yam,2025-05-01,3500.0,-1154.23,2917.05
Yam,2025-06-01,3173.91,-1154.23,2917.05
Yam,2025-07-01,3659.09,-1154.23,2917.05
Yam,2025-08-01,3000.0,-1154.23,2917.05
Yam,2025-09-01,3000.0,-1154.23,2917.05
Yam,2025-10-01,2956.45,-1154.23,2917.05
Yam,2025-11-01,3000.0,-1154.23,2917.05
Yam,2026-05-01,3237.5,-1154.23,2917.05
Yam,2026-06-01,3262.5,-1154.23,2917.05
Yam,2026-07-01,3000.0,-1154.23,2917.05
