month,commodity,unit,price,lower_bound,upper_bound
2016-01-01,Beans (red),2.5 KG,4200.0,-1422.1575000000003,4184.262500000001
2024-06-01,Beans (red),2.5 KG,5000.0,-1422.1575000000003,4184.262500000001
2024-07-01,Beans (red),2.5 KG,5329.41,-1422.1575000000003,4184.262500000001
2024-08-01,Beans (red),2.5 KG,5302.325,-1422.1575000000003,4184.262500000001
2024-09-01,Beans (red),2.5 KG,6000.0,-1422.1575000000003,4184.262500000001
2024-10-01,Beans (red),2.5 KG,4429.03,-1422.1575000000003,4184.262500000001
2025-12-01,Oil (palm),L,2937.5,-782.5,2549.5
2026-06-01,Oil (palm),L,2564.585,-782.5,2549.5
2024-08-01,Rice (local),2.7 KG,4400.0,-1447.625,4272.375
2024-09-01,Rice (local),2.7 KG,4550.0,-1447.625,4272.375
2024-10-01,Rice (local),2.7 KG,4500.0,-1447.625,4272.375
2026-07-01,Tomatoes,0.5 KG,500.0,-150.0,410.0
2024-06-01,Yam,2.5 KG,3000.0,-1154.23,2917.05
2024-07-01,Yam,2.5 KG,3361.29,-1154.23,2917.05
2024-08-01,Yam,2.5 KG,3625.0,-1154.23,2917.05
2024-09-01,Yam,2.5 KG,3000.0,-1154.23,2917.05
2024-10-01,Yam,2.5 KG,3435.48,-1154.23,2917.05
2024-11-01,Yam,2.5 KG,3000.0,-1154.23,2917.05
2024-12-01,Yam,2.5 KG,3130.435,-1154.23,2917.05
2025-01-01,Yam,2.5 KG,3056.45,-1154.23,2917.05
2025-02-01,Yam,2.5 KG,3446.43,-1154.23,2917.05
2025-03-01,Yam,2.5 KG,3500.0,-1154.23,2917.05
2025-05-01,Yam,2.5 KG,3500.0,-1154.23,2917.05
2025-06-01,Yam,2.5 KG,3173.91,-1154.23,2917.05
2025-07-01,Yam,2.5 KG,3659.09,-1154.23,2917.05
2025-08-01,Yam,2.5 KG,3000.0,-1154.23,2917.05
2025-09-01,Yam,2.5 KG,3000.0,-1154.23,2917.05
2025-10-01,Yam,2.5 KG,2956.45,-1154.23,2917.05
2025-11-01,Yam,2.5 KG,3000.0,-1154.23,2917.05
2026-05-01,Yam,2.5 KG,3237.5,-1154.23,2917.05
2026-06-01,Yam,2.5 KG,3262.5,-1154.23,2917.05
2026-07-01,Yam,2.5 KG,3000.0,-1154.23,2917.05
