month,commodity,unit,price,price_change,pct_change,rolling_mean,rolling_std
2016-01-01,Beans (red),2.5 KG,4200.0,,,,
2016-06-01,Beans (red),2.5 KG,608.5,,,,
2016-07-01,Beans (red),2.5 KG,585.0,-23.5,-3.861955628594904,,
2016-08-01,Beans (red),2.5 KG,625.0,40.0,6.8376068376068355,,
2016-09-01,Beans (red),2.5 KG,683.5,58.5,9.35999999999999,,
2016-10-01,Beans (red),2.5 KG,744.0,60.5,8.851499634235548,1241.0,1450.747703772093
2016-11-01,Beans (red),2.5 KG,673.0,-71.0,-9.543010752688176,1159.857142857143,1341.6332929892367
2016-12-01,Beans (red),2.5 KG,650.0,-23.0,-3.4175334323922724,1096.125,1255.123179782993
2017-01-01,Beans (red),2.5 KG,673.0,23.0,3.5384615384615348,1049.111111111111,1182.5016590310186
2017-02-01,Beans (red),2.5 KG,720.5,47.5,7.057949479940562,1016.25,1119.7057215080122
2017-03-01,Beans (red),2.5 KG,807.0,86.5,12.005551700208184,997.2272727272727,1064.118094095678
2017-04-01,Beans (red),2.5 KG,833.0,26.0,3.2218091697645557,983.5416666666666,1015.7037967102
2017-05-01,Beans (red),2.5 KG,802.0,-31.0,-3.7214885954381716,700.375,81.65841408519628
2017-06-01,Beans (red),2.5 KG,833.0,31.0,3.8653366583541127,719.0833333333334,84.36792619056874
2017-07-01,Beans (red),2.5 KG,1875.0,1042.0,125.09003601440578,826.5833333333334,338.1483559121068
2017-08-01,Beans (red),2.5 KG,1927.0,52.0,2.7733333333333388,935.0833333333334,455.9506967631348
2017-09-01,Beans (red),2.5 KG,1250.0,-677.0,-35.132330046704716,982.2916666666666,456.8604550393786
2017-10-01,Beans (red),2.5 KG,1250.0,0.0,0.0,1024.4583333333333,456.21812258917123
2017-11-01,Beans (red),2.5 KG,1250.0,0.0,0.0,1072.5416666666667,446.10299760223216
2017-12-01,Beans (red),2.5 KG,1250.0,0.0,0.0,1122.5416666666667,427.6826275689049
2018-01-01,Beans (red),2.5 KG,1458.0,208.0,16.64000000000001,1187.9583333333333,412.4350339107601
2018-02-01,Beans (red),2.5 KG,1615.0,157.0,10.768175582990391,1262.5,400.9419590731988
2018-03-01,Beans (red),2.5 KG,1667.0,52.0,3.219814241486074,1334.1666666666667,388.7983429943492
2018-04-01,Beans (red),2.5 KG,1667.0,0.0,0.0,1403.6666666666667,364.87266354998513
2018-05-01,Beans (red),2.5 KG,1667.0,0.0,0.0,1475.75,317.58209389642286
2018-06-01,Beans (red),2.5 KG,979.0,-688.0,-41.27174565086983,1487.9166666666667,292.52799658815354
2018-07-01,Beans (red),2.5 KG,962.0,-17.0,-1.7364657814096018,1411.8333333333333,301.29865381026644
2018-08-01,Beans (red),2.5 KG,979.0,17.0,1.7671517671517645,1332.8333333333333,277.26680073149544
2018-09-01,Beans (red),2.5 KG,833.0,-146.0,-14.913176710929521,1298.0833333333333,312.4866421387506
2018-10-01,Beans (red),2.5 KG,769.0,-64.0,-7.683073229291715,1258.0,348.04179477340216
2018-11-01,Beans (red),2.5 KG,729.0,-40.0,-5.201560468140443,1214.5833333333333,380.1460146104948
2018-12-01,Beans (red),2.5 KG,729.0,0.0,0.0,1171.1666666666667,404.692663035978
2019-01-01,Beans (red),2.5 KG,729.0,0.0,0.0,1110.4166666666667,412.36445890704147
2019-02-01,Beans (red),2.5 KG,677.0,-52.0,-7.133058984910834,1032.25,396.6237339893271
2019-03-01,Beans (red),2.5 KG,673.0,-4.0,-0.5908419497784312,949.4166666666666,353.4544996648558
2019-04-01,Beans (red),2.5 KG,607.0,-66.0,-9.806835066864783,861.0833333333334,283.31173268819657
2019-05-01,Beans (red),2.5 KG,577.0,-30.0,-4.94233937397035,770.25,139.84220002950192
2019-06-01,Beans (red),2.5 KG,469.0,-108.0,-18.71750433275563,727.75,147.89869075577735
2019-07-01,Beans (red),2.5 KG,481.0,12.0,2.558635394456288,687.6666666666666,143.76327343198312
2019-08-01,Beans (red),2.5 KG,458.0,-23.0,-4.781704781704777,644.25,125.26272390460133
2019-09-01,Beans (red),2.5 KG,469.0,11.0,2.4017467248908186,613.9166666666666,119.33258210361303
2019-10-01,Beans (red),2.5 KG,444.0,-25.0,-5.330490405117272,586.8333333333334,117.80633825619799
2019-11-01,Beans (red),2.5 KG,433.0,-11.0,-2.4774774774774744,562.1666666666666,116.31214533106835
2019-12-01,Beans (red),2.5 KG,417.0,-16.0,-3.6951501154734445,536.1666666666666,110.34724804686148
2020-01-01,Beans (red),2.5 KG,313.0,-104.0,-24.940047961630697,501.5,109.60217317022871
2020-02-01,Beans (red),2.5 KG,356.0,43.0,13.738019169329064,474.75,101.76722547961418
2020-03-01,Beans (red),2.5 KG,385.0,29.0,8.14606741573034,450.75,82.99082643718965
2020-04-01,Beans (red),2.5 KG,433.0,48.0,12.467532467532472,436.25,66.83782951701772
2020-05-01,Beans (red),2.5 KG,448.0,15.0,3.4642032332563577,425.5,50.525421144396795
2020-06-01,Beans (red),2.5 KG,495.0,47.0,10.49107142857142,427.6666666666667,53.05457453215844
2020-07-01,Beans (red),2.5 KG,548.0,53.0,10.70707070707071,433.25,61.956179528911036
2020-08-01,Beans (red),2.5 KG,625.0,77.0,14.051094890510951,447.1666666666667,83.1513771091735
2020-09-01,Beans (red),2.5 KG,625.0,0.0,0.0,460.1666666666667,97.78253546735584
2020-10-01,Beans (red),2.5 KG,444.0,-181.0,-28.959999999999997,460.1666666666667,97.78253546735584
2020-11-01,Beans (red),2.5 KG,650.0,206.0,46.39639639639639,478.25,111.41660150493526
2020-12-01,Beans (red),2.5 KG,654.0,4.0,0.6153846153846176,498.0,120.22932632719585
2021-01-01,Beans (red),2.5 KG,729.0,75.0,11.46788990825689,532.6666666666666,121.99875806620898
2021-02-01,Beans (red),2.5 KG,750.0,21.0,2.8806584362139898,565.5,123.14330159319721
2021-03-01,Beans (red),2.5 KG,1208.0,458.0,61.06666666666667,634.0833333333334,211.1847353012115
2021-04-01,Beans (red),2.5 KG,1322.0,114.0,9.43708609271523,708.1666666666666,279.207265252352
2021-05-01,Beans (red),2.5 KG,1310.0,-12.0,-0.9077155824508298,780.0,314.8044125831441
2021-06-01,Beans (red),2.5 KG,1429.0,119.0,9.083969465648845,857.8333333333334,351.2833182731139
2021-07-01,Beans (red),2.5 KG,1589.0,160.0,11.196641007697682,944.5833333333334,393.7813094815061
2021-08-01,Beans (red),2.5 KG,1694.0,105.0,6.607929515418509,1033.6666666666667,433.7953713934995
2021-09-01,Beans (red),2.5 KG,1667.0,-27.0,-1.5938606847697767,1120.5,448.592242465248
2021-10-01,Beans (red),2.5 KG,1527.0,-140.0,-8.39832033593282,1210.75,407.14463032195295
2021-11-01,Beans (red),2.5 KG,1319.0,-208.0,-13.621480026195155,1266.5,367.22732617672773
2021-12-01,Beans (red),2.5 KG,1250.0,-69.0,-5.2312357846853725,1316.1666666666667,313.1844746335852
2022-01-01,Beans (red),2.5 KG,1302.0,52.0,4.160000000000008,1363.9166666666667,253.52154591360437
2022-02-01,Beans (red),2.5 KG,1354.0,52.0,3.9938556067588227,1414.25,165.09177888236883
2022-03-01,Beans (red),2.5 KG,1375.0,21.0,1.5509601181683985,1428.1666666666667,152.69865352346196
2022-04-01,Beans (red),2.5 KG,1396.0,21.0,1.5272727272727327,1434.3333333333333,149.48173091982633
2022-05-01,Beans (red),2.5 KG,1446.0,50.0,3.5816618911174825,1445.6666666666667,144.26259726518322
2023-02-01,Beans (red),2.5 KG,933.5,,,1404.375,206.81690683922568
2023-03-01,Beans (red),2.5 KG,962.5,29.0,3.106588109266206,1352.1666666666667,233.34799737470942
2023-04-01,Beans (red),2.5 KG,1189.5,227.0,23.584415584415574,1310.125,210.48959432281052
2023-05-01,Beans (red),2.5 KG,1225.0,35.5,2.984447246742339,1273.2916666666667,178.62371042009505
2023-06-01,Beans (red),2.5 KG,1203.0,-22.0,-1.795918367346938,1246.2916666666667,160.3393359457208
2023-07-01,Beans (red),2.5 KG,1369.355,166.35500000000002,13.828345802161257,1250.4879166666667,163.05116577680087
2023-08-01,Beans (red),2.5 KG,1425.93,56.575000000000045,4.131507169433779,1265.14875,170.73182464327581
2023-09-01,Beans (red),2.5 KG,1488.15,62.22000000000003,4.363468052428954,1280.6612499999999,182.4397301243357
2023-10-01,Beans (red),2.5 KG,1681.65,193.5,13.002721499848802,1307.9654166666667,215.8690683920383
2023-11-01,Beans (red),2.5 KG,1753.85,72.19999999999982,4.293402313204275,1339.5362499999999,251.35140516384712
2023-12-01,Beans (red),2.5 KG,1800.0,46.15000000000009,2.63135387860991,1373.2029166666669,284.4756251457809
2024-01-01,Beans (red),2.5 KG,2225.0,425.0,23.611111111111114,1438.1195833333334,376.57293955100226
2024-02-01,Beans (red),2.5 KG,2515.52,290.52,13.057078651685394,1569.9545833333334,453.01656542789107
2024-03-01,Beans (red),2.5 KG,3000.0,484.48,19.259636178603223,1739.7462500000001,571.0868741552248
2024-04-01,Beans (red),2.5 KG,3347.83,347.8299999999999,11.594333333333328,1919.6070833333333,705.9813141438407
2024-05-01,Beans (red),2.5 KG,3698.39,350.55999999999995,10.47126048813709,2125.7229166666666,834.1730035584457
2024-06-01,Beans (red),2.5 KG,5000.0,1301.6100000000001,35.193962778398166,2442.139583333333,1122.614954066171
2024-07-01,Beans (red),2.5 KG,5329.41,329.40999999999985,6.5882,2772.144166666667,1339.6585413825574
2024-08-01,Beans (red),2.5 KG,5302.325,-27.085000000000036,-0.5082176075775768,3095.1770833333335,1448.4742557828627
2024-09-01,Beans (red),2.5 KG,6000.0,697.6750000000002,13.157907144507375,3471.164583333333,1573.5863871214378
2024-10-01,Beans (red),2.5 KG,4429.03,-1570.9700000000003,-26.182833333333335,3700.1129166666665,1487.0364345821552
2024-11-01,Beans (red),2.5 KG,4018.52,-410.50999999999976,-9.268620894417056,3888.835416666667,1355.4637073499937
2024-12-01,Beans (red),2.5 KG,3413.33,-605.19,-15.060022097687709,4023.279583333333,1200.6085455953685
2025-01-01,Beans (red),2.5 KG,3200.0,-213.32999999999993,-6.249908447176211,4104.529583333333,1096.3091277647295
2025-02-01,Beans (red),2.5 KG,3200.0,0.0,0.0,4161.569583333333,1021.363184974014
2025-03-01,Beans (red),2.5 KG,2847.83,-352.1700000000001,-11.005312499999997,4148.88875,1037.9064796417754
2025-04-01,Beans (red),2.5 KG,2835.185,-12.644999999999982,-0.4440222906563984,4106.168333333333,1083.427661683747
2025-05-01,Beans (red),2.5 KG,2851.855,16.670000000000073,0.5879686863467404,4035.62375,1138.5505454227243
2025-06-01,Beans (red),2.5 KG,2552.3900000000003,-299.4649999999997,-10.500709187528813,3831.65625,1168.9155309013493
2025-07-01,Beans (red),2.5 KG,2677.42,125.02999999999975,4.898546068586684,3610.657083333333,1109.172752647538
2025-08-01,Beans (red),2.5 KG,2533.335,-144.08500000000004,-5.381486655063461,3379.9079166666666,1008.7276658932499
2025-09-01,Beans (red),2.5 KG,2495.65,-37.684999999999945,-1.487564810812625,3087.87875,609.5082720861747
2025-10-01,Beans (red),2.5 KG,2163.71,-331.94000000000005,-13.300743293330397,2899.102083333333,496.74076975666514
2025-11-01,Beans (red),2.5 KG,2000.0,-163.71000000000004,-7.5661710672872085,2730.8920833333336,418.8749163069706
2025-12-01,Beans (red),2.5 KG,1654.045,-345.9549999999999,-17.29775,2584.285,463.7762625545731
2026-01-01,Beans (red),2.5 KG,1500.0,-154.04500000000007,-9.313229083852015,2442.6183333333333,515.3735014060314
2026-02-01,Beans (red),2.5 KG,2291.07,791.0700000000002,52.73800000000002,2366.8741666666665,457.4834391827891
2026-03-01,Beans (red),2.5 KG,2462.5,171.42999999999984,7.4825299969009995,2334.7633333333333,433.5534555870968
2026-04-01,Beans (red),2.5 KG,2350.0,-112.5,-4.5685279187817285,2294.3312499999997,404.2780162390754
2026-05-01,Beans (red),2.5 KG,2395.16,45.159999999999854,1.9217021276595636,2256.273333333333,366.77968409543774
2026-06-01,Beans (red),2.5 KG,2650.0,254.84000000000015,10.639790243658043,2264.4075,374.9354289953227
2026-07-01,Beans (red),2.5 KG,2500.0,-150.0,-5.660377358490565,2249.6225,360.3840982864322
2014-05-01,Gari (white),KG,117.11,,,,
2014-07-01,Gari (white),KG,139.28,,,,
2014-09-01,Gari (white),KG,130.18,,,,
2014-10-01,Gari (white),KG,124.72,-5.460000000000008,-4.194192656322027,,
2014-11-01,Gari (white),KG,127.25,2.530000000000001,2.028543938422067,,
2014-12-01,Gari (white),KG,130.46,3.210000000000008,2.5225933202357664,128.16666666666666,7.318315835400021
2015-01-01,Gari (white),KG,129.53,-0.9300000000000068,-0.7128621799785462,128.36142857142858,6.700520946342978
2015-02-01,Gari (white),KG,122.16,-7.3700000000000045,-5.689801590365173,127.58625,6.579539578984887
2015-03-01,Gari (white),KG,114.68,-7.47999999999999,-6.123117223313679,126.15222222222224,7.509125744348972
2015-04-01,Gari (white),KG,114.53,-0.15000000000000568,-0.1307987443320613,124.99000000000001,7.9768010853697255
2015-05-01,Gari (white),KG,114.61,0.0799999999999983,0.06985069414127132,124.04636363636364,8.189100405694484
2015-06-01,Gari (white),KG,115.67,1.0600000000000023,0.924875665299707,123.34833333333334,8.173850581784171
2015-07-01,Gari (white),KG,106.53,-9.14,-7.901789573787498,122.46666666666668,9.388298648591855
2015-08-01,Gari (white),KG,104.66,-1.8700000000000045,-1.7553740730310796,119.58166666666669,9.065680371933523
2015-09-01,Gari (white),KG,103.95,-0.7099999999999937,-0.6783871584177259,117.39583333333333,9.432738403447795
2015-10-01,Gari (white),KG,103.87,-0.0799999999999983,-0.07696007696007534,115.65833333333335,9.871077893922164
2015-11-01,Gari (white),KG,104.39,0.519999999999996,0.5006257822277815,113.75333333333333,9.633654393307713
2015-12-01,Gari (white),KG,105.11,0.7199999999999989,0.6897212376664408,111.64083333333333,8.328062590732104
2016-01-01,Gari (white),KG,105.21,0.09999999999999432,0.0951384264104238,109.61416666666668,6.288284139909903
2016-03-01,Gari (white),KG,122.28,,,109.62416666666667,6.310106551950586
2018-01-01,Gari (white),KG,195.87,,,116.38999999999999,25.763709854261002
2018-10-01,Gari (white),KG,133.84,,,117.99916666666667,26.235690630871296
2018-11-01,Gari (white),KG,127.36,-6.480000000000004,-4.841601912731619,119.06166666666667,26.34391074486348
2018-12-01,Gari (white),KG,122.77,-4.590000000000003,-3.603957286432169,119.65333333333332,26.340541629460343
2019-01-01,Gari (white),KG,183.51,60.739999999999995,49.47462735195896,126.06833333333333,31.68551542706522
2019-02-01,Gari (white),KG,180.0,-3.509999999999991,-1.9127023050514946,132.34666666666666,34.405323407692
2019-03-01,Gari (white),KG,164.52,-15.47999999999999,-8.599999999999996,137.39416666666668,34.30347807924633
2019-04-01,Gari (white),KG,157.89,-6.630000000000024,-4.0299051787016875,141.89583333333334,33.02484476829069
2019-05-01,Gari (white),KG,138.20499999999998,-19.685000000000002,-12.467540692887457,144.71375,30.908502737552215
2019-06-01,Gari (white),KG,140.375,2.170000000000016,1.5701313266524464,147.6525,28.37320066381463
2019-08-01,Gari (white),KG,149.25,,,151.3225,25.03630650039694
2019-09-01,Gari (white),KG,147.37,-1.8799999999999955,-1.2596314907872719,153.41333333333333,23.383520842030975
2019-10-01,Gari (white),KG,141.15,-6.219999999999999,-4.220669064260029,148.85333333333332,19.33667527280893
2020-01-01,Gari (white),KG,149.25,,,150.1375,18.751836940320363
2020-02-01,Gari (white),KG,152.63,3.3799999999999955,2.264656616415417,152.24333333333334,17.326094132226906
2020-03-01,Gari (white),KG,180.34,27.710000000000008,18.155015396711004,157.04083333333332,16.367045997887637
2020-04-01,Gari (white),KG,202.1,21.75999999999999,12.066097371631358,158.59,19.650572163772644
2020-05-01,Gari (white),KG,219.38,17.28,8.550222662048501,161.87166666666667,25.858704911440743
2020-06-01,Gari (white),KG,224.71,5.3300000000000125,2.4295742547178367,166.88750000000002,31.615787591012186
2020-07-01,Gari (white),KG,251.29,26.579999999999984,11.828579057451826,174.67083333333335,39.67023379364463
2020-08-01,Gari (white),KG,261.01,9.719999999999999,3.86804090891002,184.90458333333333,44.90286584589276
2020-09-01,Gari (white),KG,283.78999999999996,22.779999999999973,8.727634956515073,196.85583333333332,50.68655397428276
2020-10-01,Gari (white),KG,280.08,-3.7099999999999795,-1.3073046971352031,207.75833333333333,53.507830154836114
2020-11-01,Gari (white),KG,288.355,8.275000000000034,2.9545129962867955,219.50708333333333,54.51158435925399
2020-12-01,Gari (white),KG,284.77,-3.5850000000000364,-1.2432591770560664,231.47541666666666,51.42263816374751
2021-01-01,Gari (white),KG,293.02,8.25,2.897074832320823,243.45624999999998,47.08927406943507
2021-02-01,Gari (white),KG,297.325,4.305000000000007,1.4691829909221132,255.51416666666668,39.65660708641208
2021-03-01,Gari (white),KG,321.37,24.045000000000016,8.087110064743964,267.26666666666665,36.090154432610944
2021-04-01,Gari (white),KG,348.25,26.879999999999995,8.364190808102801,279.4458333333333,36.753617436886145
2021-05-01,Gari (white),KG,350.0,1.75,0.5025125628140614,290.3308333333334,36.68948293902964
2021-06-01,Gari (white),KG,378.33,28.329999999999984,8.094285714285721,303.1325,38.468957113023635
2021-07-01,Gari (white),KG,390.06,11.730000000000018,3.1004678455316848,314.69666666666666,42.14957491068602
2021-08-01,Gari (white),KG,383.15,-6.910000000000025,-1.7715223298979677,324.875,42.749664910967645
2021-09-01,Gari (white),KG,377.52,-5.6299999999999955,-1.4693984079342304,332.68583333333333,43.12169011452765
2021-10-01,Gari (white),KG,375.49,-2.0299999999999727,-0.5377198559016638,340.63666666666666,41.297716992442794
2021-11-01,Gari (white),KG,363.64,-11.850000000000023,-3.1558763216064434,346.91041666666666,38.238458892154505
2021-12-01,Gari (white),KG,332.41,-31.22999999999996,-8.58816411835881,350.88041666666663,33.362577051809104
2022-01-01,Gari (white),KG,338.61,6.199999999999989,1.865166511236116,354.6795833333333,28.40167780401985
2022-02-01,Gari (white),KG,338.61,0.0,0.0,358.12000000000006,22.763315783395132
2022-03-01,Gari (white),KG,340.65,2.0399999999999636,0.6024630105430973,359.7266666666667,20.501698081925916
2022-04-01,Gari (white),KG,347.22,6.57000000000005,1.9286657859973744,359.6408333333333,20.556198560104562
2022-05-01,Gari (white),KG,347.22,0.0,0.0,359.40916666666664,20.689957361147005
2022-06-01,Gari (white),KG,353.55,6.329999999999984,1.823051667530673,357.3441666666667,19.849384903835844
2022-07-01,Gari (white),KG,369.6,16.05000000000001,4.539669070852792,355.63916666666665,17.526536482164015
2022-08-01,Gari (white),KG,353.78,-15.82000000000005,-4.280303030303045,353.19166666666666,15.236623840622501
2022-09-01,Gari (white),KG,356.37,2.590000000000032,0.7320933913731897,351.4291666666666,13.26190337246603
2022-10-01,Gari (white),KG,335.71,-20.660000000000025,-5.79734545556585,348.1141666666667,11.563880646481962
2022-11-01,Gari (white),KG,349.36,13.650000000000034,4.066009353310895,346.9241666666667,10.507417690144942
2022-12-01,Gari (white),KG,345.58,-3.7800000000000296,-1.0819784749255823,348.0216666666667,9.492369024484313
2023-01-01,Gari (white),KG,353.33,7.75,2.24260663232827,349.2483333333333,9.108927522276165
2014-05-01,Oil (palm),L,240.0,,,,
2014-07-01,Oil (palm),L,240.0,,,,
2014-09-01,Oil (palm),L,266.66,,,,
2014-10-01,Oil (palm),L,266.66,0.0,0.0,,
2014-11-01,Oil (palm),L,266.66,0.0,0.0,,
2014-12-01,Oil (palm),L,266.66,0.0,0.0,257.77333333333337,13.76716480131864
2015-01-01,Oil (palm),L,266.66,0.0,0.0,259.04285714285714,13.008747972403953
2015-02-01,Oil (palm),L,250.66000000000003,-16.0,-6.000150003750093,257.995,12.40307220006399
2015-03-01,Oil (palm),L,250.66000000000003,0.0,0.0,257.18000000000006,11.856841906679882
2015-04-01,Oil (palm),L,250.66000000000003,0.0,0.0,256.528,11.367287177588945
2015-05-01,Oil (palm),L,234.66,-16.00000000000003,-6.383148487991708,254.54,12.639908227514967
2015-06-01,Oil (palm),L,266.91,32.25000000000003,13.743288161595512,255.57083333333335,12.569581940204516
2015-07-01,Oil (palm),L,269.66,2.75,1.0303098422689283,258.0425,12.138153315438514
2015-08-01,Oil (palm),L,251.41000000000003,-18.25,-6.767781650967885,258.99333333333334,10.988802841019025
2015-09-01,Oil (palm),L,251.26,-0.1500000000000341,-0.05966349787202008,257.71000000000004,10.911024449860543
2015-10-01,Oil (palm),L,267.16,15.900000000000034,6.328106344026119,257.75166666666667,10.949197424579769
2015-11-01,Oil (palm),L,266.66,-0.5,-0.18715376553376517,257.7516666666667,10.949197424579769
2015-12-01,Oil (palm),L,266.66,0.0,0.0,257.7516666666667,10.949197424579769
2016-01-01,Oil (palm),L,267.66,1.0,0.3750093752343808,257.83500000000004,11.026692819946266
2016-02-01,Oil (palm),L,322.245,54.58499999999998,20.393409549428366,263.8004166666667,21.33627006449701
2016-03-01,Oil (palm),L,275.26,-46.985000000000014,-14.580521032133941,265.85041666666666,21.139842011357395
2016-04-01,Oil (palm),L,309.58,34.31999999999999,12.468211872411539,270.7604166666667,23.94701086474175
2016-05-01,Oil (palm),L,306.87,-2.7099999999999795,-0.8753795464823244,276.7779166666667,23.108815462574693
2016-06-01,Oil (palm),L,333.365,26.495000000000005,8.633949229315352,282.31583333333333,27.978710805420086
2016-07-01,Oil (palm),L,363.5,30.13499999999999,9.039641234082762,290.1358333333333,36.06529538296619
2016-08-01,Oil (palm),L,416.5,53.0,14.580467675378262,303.8933333333334,49.08688735911105
2016-09-01,Oil (palm),L,461.625,45.125,10.834333733493406,321.42375,63.90758413255101
2016-10-01,Oil (palm),L,484.5,22.875,4.955320877335501,339.53541666666666,76.65678616873845
2016-11-01,Oil (palm),L,633.0,148.5,30.65015479876161,370.06374999999997,110.48067589412513
2016-12-01,Oil (palm),L,733.0,100.0,15.797788309636651,408.92541666666665,146.83739108369213
2017-01-01,Oil (palm),L,800.0,67.0,9.140518417462484,453.2870833333333,177.49297957253938
2017-02-01,Oil (palm),L,800.0,0.0,0.0,493.1000000000001,197.84253029986888
2017-03-01,Oil (palm),L,750.0,-50.0,-6.25,532.6616666666667,197.78780491790292
2017-04-01,Oil (palm),L,667.0,-83.0,-11.06666666666667,562.4466666666667,187.79964580677864
2017-05-01,Oil (palm),L,633.5,-33.5,-5.02248875562219,589.6658333333334,170.2389560806346
2017-06-01,Oil (palm),L,563.5,-70.0,-11.049723756906083,608.84375,150.56721472673985
2017-07-01,Oil (palm),L,550.0,-13.5,-2.395740905057675,624.3854166666666,131.33782189900307
2017-08-01,Oil (palm),L,800.0,250.0,45.45454545454546,656.34375,122.51677905727117
2017-09-01,Oil (palm),L,553.0,-247.0,-30.874999999999996,663.9583333333334,111.67433544449554
2017-10-01,Oil (palm),L,760.0,207.0,37.432188065099446,686.9166666666666,99.030030645744
2017-11-01,Oil (palm),L,667.0,-93.0,-12.236842105263158,689.75,97.826260649824
2017-12-01,Oil (palm),L,645.5,-21.5,-3.2233883058470747,682.4583333333334,97.57012823729632
2018-01-01,Oil (palm),L,533.33,-112.16999999999996,-17.37722695584817,660.2358333333333,98.72660666142028
2018-02-01,Oil (palm),L,600.0,66.66999999999996,12.500703129394552,643.5691666666667,89.431218614524
2018-03-01,Oil (palm),L,600.0,0.0,0.0,631.0691666666667,83.48822534926516
2018-04-01,Oil (palm),L,567.0,-33.0,-5.500000000000005,622.7358333333333,84.55961936122425
2018-05-01,Oil (palm),L,567.0,0.0,0.0,617.1941666666667,85.9575563824519
2018-06-01,Oil (palm),L,600.0,33.0,5.820105820105814,620.2358333333333,84.51856788554937
2018-07-01,Oil (palm),L,533.0,-67.0,-11.16666666666667,618.8191666666667,85.93348722421968
2018-08-01,Oil (palm),L,500.0,-33.0,-6.191369606003749,593.8191666666667,70.72463020351672
2018-09-01,Oil (palm),L,500.0,0.0,0.0,589.4025,75.02936081355654
2018-10-01,Oil (palm),L,500.0,0.0,0.0,567.7358333333333,56.5520046197752
2018-11-01,Oil (palm),L,471.34,-28.660000000000025,-5.732000000000004,551.4308333333332,53.451734466003565
2018-12-01,Oil (palm),L,523.33,51.990000000000066,11.030254168965104,541.25,44.84804992213246
2019-01-01,Oil (palm),L,500.0,-23.33000000000004,-4.457990178281401,538.4725,46.388757871041165
2019-02-01,Oil (palm),L,467.0,-33.0,-6.599999999999994,527.3891666666667,46.24017054433935
2019-03-01,Oil (palm),L,467.0,0.0,0.0,516.3058333333333,43.08566740351066
2019-04-01,Oil (palm),L,467.0,0.0,0.0,507.9725,42.04754389648872
2019-05-01,Oil (palm),L,467.0,0.0,0.0,499.63916666666665,39.09094534969957
2019-06-01,Oil (palm),L,466.66,-0.339999999999975,-0.07280513918629383,488.5275,24.012915132937763
2019-07-01,Oil (palm),L,466.66,0.0,0.0,482.99916666666667,20.173014584441514
2019-08-01,Oil (palm),L,400.0,-66.66000000000003,-14.284489778425414,474.6658333333333,30.5152058841384
2019-09-01,Oil (palm),L,407.33500000000004,7.335000000000036,1.8337500000000118,466.94374999999997,34.927209966193395
2019-10-01,Oil (palm),L,466.66,59.32499999999999,14.564179360968232,464.16541666666666,33.34904274612935
2019-11-01,Oil (palm),L,467.0,0.339999999999975,0.07285818368834018,463.80375000000004,33.287638650580895
2019-12-01,Oil (palm),L,467.0,0.0,0.0,459.1095833333334,27.619418272648705
2020-01-01,Oil (palm),L,467.0,0.0,0.0,456.3595833333334,24.662517424616627
2020-02-01,Oil (palm),L,483.33,16.329999999999984,3.496788008565299,457.7204166666667,25.73042048717418
2020-03-01,Oil (palm),L,533.0,49.670000000000016,10.276622597397234,463.2204166666667,33.71067395420623
2020-04-01,Oil (palm),L,533.33,0.3300000000000409,0.06191369606003416,468.7479166666667,39.35264144179911
2020-05-01,Oil (palm),L,514.11,-19.220000000000027,-3.6037725235782747,472.6737500000001,41.45605741049872
2020-06-01,Oil (palm),L,509.56,-4.550000000000011,-0.8850246056291478,476.24875,42.72077885552381
2020-07-01,Oil (palm),L,533.33,23.77000000000004,4.664808854698177,481.8045833333333,45.59867618983034
2020-08-01,Oil (palm),L,533.0,-0.3300000000000409,-0.06187538672117743,492.8879166666666,39.68802140435177
2020-09-01,Oil (palm),L,533.0,0.0,0.0,503.35999999999996,30.60040522607292
2020-10-01,Oil (palm),L,511.0,-22.0,-4.12757973733584,507.055,28.361106690803645
2020-11-01,Oil (palm),L,600.0,89.0,17.416829745596864,518.1383333333333,36.191614757948614
2020-12-01,Oil (palm),L,667.0,67.0,11.166666666666657,534.805,52.759743692946
2021-01-01,Oil (palm),L,712.0,45.0,6.746626686656665,555.2216666666667,69.03093033144027
2021-02-01,Oil (palm),L,720.0,8.0,1.1235955056179803,574.9441666666667,79.62053532033622
2021-03-01,Oil (palm),L,729.9449999999999,9.944999999999936,1.3812500000000005,591.3562499999999,89.83185988594542
2021-04-01,Oil (palm),L,745.51,15.565000000000055,2.132352437512419,609.0379166666667,97.89234832801903
2021-05-01,Oil (palm),L,733.0,-12.509999999999991,-1.678045901463432,627.27875,98.98327829682319
2021-06-01,Oil (palm),L,747.9449999999999,14.944999999999936,2.0388813096862135,647.1441666666666,97.11361932465158
2021-07-01,Oil (palm),L,800.0,52.055000000000064,6.959736344249912,669.3666666666667,99.19071291601806
2021-08-01,Oil (palm),L,800.0,0.0,0.0,691.6166666666667,95.70562005758137
2021-09-01,Oil (palm),L,853.0,53.0,6.624999999999992,718.2833333333333,92.00159228694592
2021-10-01,Oil (palm),L,894.04,41.039999999999964,4.811254396248521,750.2033333333334,79.08833474302249
2021-11-01,Oil (palm),L,916.5,22.460000000000036,2.5121918482394534,776.5783333333334,77.19542150617045
2021-12-01,Oil (palm),L,933.0,16.5,1.8003273322422242,798.745,80.9682639568246
2022-01-01,Oil (palm),L,926.5,-6.5,-0.6966773847802754,816.62,83.70777901833286
2022-02-01,Oil (palm),L,926.5,0.0,0.0,833.8283333333334,83.26386541191556
2022-03-01,Oil (palm),L,933.0,6.5,0.7015650296815945,850.7495833333334,80.83030047457997
2022-04-01,Oil (palm),L,988.0450000000001,55.04500000000007,5.899785637727772,870.9608333333334,82.42993622226314
2022-05-01,Oil (palm),L,1243.045,255.0,25.808541108957584,913.4645833333334,125.21844499002565
2022-06-01,Oil (palm),L,936.975,-306.07000000000005,-24.62260014721913,929.2170833333334,113.87974549454314
2022-07-01,Oil (palm),L,1020.2149999999999,83.2399999999999,8.883908321993639,947.5683333333333,108.79376087837502
2022-08-01,Oil (palm),L,1059.085,38.87000000000012,3.809981229446757,969.15875,102.3641926502246
2022-09-01,Oil (palm),L,1111.1100000000001,52.02500000000009,4.912259167111244,990.6679166666668,102.85394696670278
2022-10-01,Oil (palm),L,1180.3000000000002,69.19000000000005,6.227106227106227,1014.5229166666667,111.25847012614892
2022-11-01,Oil (palm),L,1214.01,33.70999999999981,2.8560535457087033,1039.3154166666666,120.21704102199463
2022-12-01,Oil (palm),L,1213.935,-0.07500000000004547,-0.00617787332889419,1062.7266666666667,124.89468218414838
2023-01-01,Oil (palm),L,1232.6,18.664999999999964,1.5375617310646739,1088.235,125.79804950432096
2023-02-01,Oil (palm),L,1260.5,27.90000000000009,2.263508031802708,1116.0683333333334,123.69218705269753
2023-03-01,Oil (palm),L,1200.0,-60.5,-4.799682665608884,1138.3183333333334,111.14572273971726
2023-04-01,Oil (palm),L,1207.5,7.5,0.6250000000000089,1156.60625,101.83665265166692
2023-05-01,Oil (palm),L,1300.0,92.5,7.660455486542439,1161.3525,107.40641991350972
2023-06-01,Oil (palm),L,1300.0,0.0,0.0,1191.6045833333333,87.79787408014673
2023-07-01,Oil (palm),L,1300.0,0.0,0.0,1214.92,74.25080767850284
2023-08-01,Oil (palm),L,1380.55,80.54999999999995,6.19615384615384,1241.70875,70.82764676327821
2023-09-01,Oil (palm),L,1300.0,-80.54999999999995,-5.834631125276157,1257.4495833333333,59.199709246005895
2023-10-01,Oil (palm),L,1371.9,71.90000000000009,5.530769230769228,1273.41625,62.25919987239697
2023-11-01,Oil (palm),L,1466.73,94.82999999999993,6.91231139295867,1294.47625,80.42902453053217
2023-12-01,Oil (palm),L,1331.205,-135.5250000000001,-9.239941911599281,1304.24875,76.79559344973258
2024-01-01,Oil (palm),L,1600.0,268.7950000000001,20.191856250539942,1334.8654166666668,111.17549193338445
2024-02-01,Oil (palm),L,1357.88,-242.1199999999999,-15.132499999999993,1342.9804166666665,108.78214560342427
2024-03-01,Oil (palm),L,1600.0,242.1199999999999,17.830736147524064,1376.31375,121.52494714190281
2024-04-01,Oil (palm),L,1467.0,-133.0,-8.3125,1397.93875,111.42289091004335
2024-05-01,Oil (palm),L,1467.0,0.0,0.0,1411.8554166666665,108.46827813317454
2024-06-01,Oil (palm),L,1591.595,124.59500000000003,8.49318336741649,1436.155,113.6694120325241
2024-07-01,Oil (palm),L,1479.87,-111.72500000000014,-7.019687797461049,1451.1441666666667,105.66017712961781
2024-08-01,Oil (palm),L,1600.0,120.13000000000011,8.117604924756904,1469.4316666666666,111.17804484727314
2024-09-01,Oil (palm),L,1733.0,133.0,8.31249999999999,1505.515,121.0196180753051
2024-10-01,Oil (palm),L,1687.5,-45.5,-2.6255049047893775,1531.8149999999998,123.60807547538786
2024-11-01,Oil (palm),L,1878.26,190.76,11.3042962962963,1566.1091666666669,156.59546084844024
2024-12-01,Oil (palm),L,2385.87,507.6099999999999,27.025544919233745,1653.997916666667,268.646132532767
2025-01-01,Oil (palm),L,2500.0,114.13000000000011,4.783579993880638,1728.9979166666665,361.71082621002734
2025-02-01,Oil (palm),L,2515.63,15.63000000000011,0.6252000000000146,1825.4770833333334,405.47892121236225
2025-03-01,Oil (palm),L,2370.97,-144.6600000000003,-5.7504481978669535,1889.7245833333334,427.01228670559505
2025-04-01,Oil (palm),L,2222.22,-148.75,-6.2738035487585275,1952.6595833333333,414.5163425907527
2025-05-01,Oil (palm),L,2437.5,215.2800000000002,9.687609687609688,2033.5345833333333,405.72915196234953
2025-06-01,Oil (palm),L,2500.0,62.5,2.564102564102555,2109.235,400.48724243669704
2025-07-01,Oil (palm),L,2500.0,0.0,0.0,2194.2458333333334,361.07984832012346
2025-08-01,Oil (palm),L,2533.705,33.70499999999993,1.3481999999999994,2272.054583333333,319.60475903456563
2025-09-01,Oil (palm),L,2500.0,-33.70499999999993,-1.3302653623843308,2335.97125,275.6767553438935
2025-10-01,Oil (palm),L,2469.76,-30.23999999999978,-1.2095999999999885,2401.1595833333336,186.44147259150444
2025-11-01,Oil (palm),L,2500.0,30.23999999999978,1.22441046903341,2452.97125,88.67546437652284
2025-12-01,Oil (palm),L,2937.5,437.5,17.500000000000004,2498.940416666667,162.7614758481594
2026-01-01,Oil (palm),L,2500.0,-437.5,-14.893617021276595,2498.940416666667,162.7614758481594
2026-02-01,Oil (palm),L,2500.0,0.0,0.0,2497.6379166666666,162.67829398511446
2026-03-01,Oil (palm),L,2500.0,0.0,0.0,2508.3904166666666,157.73393130175697
2026-04-01,Oil (palm),L,2475.0,-25.0,-1.0000000000000009,2529.4554166666667,130.58488210320317
2026-05-01,Oil (palm),L,2468.75,-6.25,-0.2525252525252486,2532.059583333333,128.88490091514788
2026-06-01,Oil (palm),L,2564.585,95.83500000000004,3.8819240506329233,2537.4416666666666,128.77287211377342
2026-07-01,Oil (palm),L,2500.0,-64.58500000000004,-2.5183411741080963,2537.4416666666666,128.77287211377342
2014-05-01,Rice (local),2.7 KG,304.0,,,,
2014-07-01,Rice (local),2.7 KG,480.0,,,,
2014-08-01,Rice (local),2.7 KG,510.0,30.0,6.25,,
2014-09-01,Rice (local),2.7 KG,540.0,30.0,5.882352941176472,,
2014-10-01,Rice (local),2.7 KG,410.0,-130.0,-24.07407407407407,,
2014-11-01,Rice (local),2.7 KG,396.0,-14.0,-3.4146341463414664,440.0,86.98505618783035
2014-12-01,Rice (local),2.7 KG,512.0,116.0,29.292929292929305,450.2857142857143,83.93988778825454
2015-01-01,Rice (local),2.7 KG,532.0,20.0,3.90625,460.5,82.90958931269653
2015-02-01,Rice (local),2.7 KG,501.0,-31.0,-5.827067669172936,465.0,78.7210264160726
2015-03-01,Rice (local),2.7 KG,501.0,0.0,0.0,468.6,75.08691260429107
2015-04-01,Rice (local),2.7 KG,463.0,-38.0,-7.584830339321358,468.09090909090907,71.25370803748329
2015-05-01,Rice (local),2.7 KG,496.0,33.0,7.127429805615559,470.4166666666667,68.41379224759415
2015-06-01,Rice (local),2.7 KG,532.0,36.0,7.258064516129026,489.4166666666667,45.975207416277065
2015-07-01,Rice (local),2.7 KG,618.0,86.0,16.16541353383458,500.9166666666667,58.85955291791613
2015-08-01,Rice (local),2.7 KG,541.5,-76.5,-12.378640776699024,503.5416666666667,59.99297623030297
2015-09-01,Rice (local),2.7 KG,543.5,2.0,0.3693444136657398,503.8333333333333,60.19450795445369
2015-10-01,Rice (local),2.7 KG,517.5,-26.0,-4.783808647654098,512.7916666666666,52.463172508884455
2015-11-01,Rice (local),2.7 KG,470.0,-47.5,-9.178743961352653,518.9583333333334,40.46404595627476
2015-12-01,Rice (local),2.7 KG,455.5,-14.5,-3.0851063829787195,514.25,44.43918213796141
2016-01-01,Rice (local),2.7 KG,2207.0,1751.5,384.5225027442371,653.8333333333334,491.10345759382113
2016-02-01,Rice (local),2.7 KG,409.0,-1798.0,-81.46805618486633,646.1666666666666,494.41321204274493
2016-03-01,Rice (local),2.7 KG,472.5,63.5,15.525672371638134,643.7916666666666,495.24169757316633
2016-04-01,Rice (local),2.7 KG,532.0,59.5,12.592592592592599,649.5416666666666,493.3487360668799
2016-05-01,Rice (local),2.7 KG,706.0,174.0,32.70676691729324,667.0416666666666,491.12674064724666
2016-06-01,Rice (local),2.7 KG,835.0,129.0,18.271954674220957,692.2916666666666,491.34169088015494
2016-07-01,Rice (local),2.7 KG,791.0,-44.0,-5.269461077844307,706.7083333333334,491.5017089738778
2016-08-01,Rice (local),2.7 KG,849.0,58.0,7.332490518331225,732.3333333333334,490.11934230039293
2016-09-01,Rice (local),2.7 KG,781.0,-68.0,-8.009422850412252,752.125,486.58331646660105
2016-10-01,Rice (local),2.7 KG,771.0,-10.0,-1.2804097311139517,773.25,480.9411937214174
2016-11-01,Rice (local),2.7 KG,761.5,-9.5,-1.2321660181582317,797.5416666666666,471.5010102338225
2016-12-01,Rice (local),2.7 KG,771.0,9.5,1.2475377544320487,823.8333333333334,459.3337236661051
2017-01-01,Rice (local),2.7 KG,849.0,78.0,10.116731517509736,710.6666666666666,152.15577145767045
2017-02-01,Rice (local),2.7 KG,820.0,-29.0,-3.4157832744405203,744.9166666666666,121.18333843871265
2017-03-01,Rice (local),2.7 KG,839.0,19.0,2.3170731707317094,775.4583333333334,87.8980448467362
2017-04-01,Rice (local),2.7 KG,858.5,19.5,2.3241954707985624,802.6666666666666,46.44367719631184
2017-05-01,Rice (local),2.7 KG,820.0,-38.5,-4.484566103669185,812.1666666666666,35.16217837220631
2017-06-01,Rice (local),2.7 KG,820.0,0.0,0.0,810.9166666666666,34.537748343025
2017-07-01,Rice (local),2.7 KG,1543.0,723.0,88.17073170731706,873.5833333333334,213.52994609372232
2017-08-01,Rice (local),2.7 KG,1591.0,48.0,3.110823071937774,935.4166666666666,296.9155705930663
2017-09-01,Rice (local),2.7 KG,1543.0,-48.0,-3.0169704588309254,998.9166666666666,339.340726686142
2017-10-01,Rice (local),2.7 KG,1350.0,-193.0,-12.508101101749835,1047.1666666666667,345.1021148833629
2017-11-01,Rice (local),2.7 KG,1157.0,-193.0,-14.296296296296296,1080.125,334.04858962024196
2017-12-01,Rice (local),2.7 KG,1157.0,0.0,0.0,1112.2916666666667,319.85909243782896
2018-01-01,Rice (local),2.7 KG,723.0,-434.0,-37.51080380293863,1101.7916666666667,331.15647621996516
2018-02-01,Rice (local),2.7 KG,1157.0,434.0,60.02766251728908,1129.875,319.15913136923365
2018-03-01,Rice (local),2.7 KG,1157.0,0.0,0.0,1156.375,305.73139763524466
2018-04-01,Rice (local),2.7 KG,1157.0,0.0,0.0,1181.25,291.08484392636535
2018-05-01,Rice (local),2.7 KG,1157.0,0.0,0.0,1209.3333333333333,268.4393729870808
2018-06-01,Rice (local),2.7 KG,771.0,-386.0,-33.36214347450303,1205.25,275.18791100561896
2018-07-01,Rice (local),2.7 KG,675.0,-96.0,-12.45136186770428,1132.9166666666667,291.90859663236864
2018-08-01,Rice (local),2.7 KG,675.0,0.0,0.0,1056.5833333333333,280.7850871245039
2018-09-01,Rice (local),2.7 KG,694.5,19.5,2.8888888888888964,985.875,252.5776320802631
2018-10-01,Rice (local),2.7 KG,723.0,28.5,4.10367170626349,933.625,234.61875506291628
2018-11-01,Rice (local),2.7 KG,675.0,-48.0,-6.639004149377592,893.4583333333334,234.15917840933182
2018-12-01,Rice (local),2.7 KG,675.0,0.0,0.0,853.2916666666666,226.042077572591
2019-01-01,Rice (local),2.7 KG,675.0,0.0,0.0,849.2916666666666,228.96312310593635
2019-02-01,Rice (local),2.7 KG,654.0,-21.0,-3.111111111111109,807.375,212.99499834076317
2019-03-01,Rice (local),2.7 KG,675.0,21.0,3.2110091743119185,767.2083333333334,184.6275684050228
2019-04-01,Rice (local),2.7 KG,675.0,0.0,0.0,727.0416666666666,138.88033736299906
2019-05-01,Rice (local),2.7 KG,675.0,0.0,0.0,686.875,31.114250608184033
2019-06-01,Rice (local),2.7 KG,675.0,0.0,0.0,678.875,16.362547312238352
2019-07-01,Rice (local),2.7 KG,675.0,0.0,0.0,678.875,16.362547312238352
2019-08-01,Rice (local),2.7 KG,664.5,-10.5,-1.5555555555555545,678.0,16.861737212338625
2019-09-01,Rice (local),2.7 KG,683.0,18.5,2.784048156508656,677.0416666666666,16.1505112969001
2019-10-01,Rice (local),2.7 KG,716.0,33.0,4.831625183016097,676.4583333333334,14.367669408857049
2019-11-01,Rice (local),2.7 KG,750.0,34.0,4.748603351955305,682.7083333333334,25.598702322692983
2019-12-01,Rice (local),2.7 KG,723.0,-27.0,-3.600000000000003,686.7083333333334,27.928853061540543
2020-01-01,Rice (local),2.7 KG,709.5,-13.5,-1.8672199170124526,689.5833333333334,28.386002739289356
2020-02-01,Rice (local),2.7 KG,691.0,-18.5,-2.607470049330518,692.6666666666666,26.085814094436273
2020-03-01,Rice (local),2.7 KG,771.0,80.0,11.577424023154848,700.6666666666666,33.76545661776038
2020-04-01,Rice (local),2.7 KG,829.0,58.0,7.522697795071331,713.5,48.96705757213245
2020-05-01,Rice (local),2.7 KG,908.6949999999999,79.69499999999994,9.61338962605549,732.9745833333333,72.89046905704393
2020-06-01,Rice (local),2.7 KG,940.0,31.305000000000064,3.4450503194141113,755.0579166666666,91.49744793903211
2020-07-01,Rice (local),2.7 KG,993.0,53.0,5.638297872340425,781.5579166666666,110.31763139923612
2020-08-01,Rice (local),2.7 KG,1080.32,87.31999999999994,8.793554884189314,816.2095833333333,133.14965890200233
2020-09-01,Rice (local),2.7 KG,1109.0,28.680000000000064,2.6547689573459765,851.7095833333333,150.11376998279292
2020-10-01,Rice (local),2.7 KG,804.0,-305.0,-27.50225428313796,859.0429166666667,144.94179500215546
2020-11-01,Rice (local),2.7 KG,943.0,139.0,17.288557213930346,875.1262499999999,142.42820014316908
2020-12-01,Rice (local),2.7 KG,964.0,21.0,2.2269353128313796,895.2095833333333,135.86750843206698
2021-01-01,Rice (local),2.7 KG,964.0,0.0,0.0,916.4179166666667,123.54841876509788
2021-02-01,Rice (local),2.7 KG,988.75,24.75,2.567427385892107,941.2304166666667,102.21950570971188
2021-03-01,Rice (local),2.7 KG,1089.48,100.73000000000002,10.187610619469023,967.7704166666666,95.10003624075219
2021-04-01,Rice (local),2.7 KG,1100.335,10.855000000000018,0.9963468810808784,990.3816666666667,91.28631407762481
2021-05-01,Rice (local),2.7 KG,1136.0,35.664999999999964,3.2412856084737873,1009.32375,96.24375292890907
2021-06-01,Rice (local),2.7 KG,1157.0,21.0,1.848591549295775,1027.4070833333333,102.23407585399153
2021-07-01,Rice (local),2.7 KG,1157.0,0.0,0.0,1041.07375,108.01473479292707
2021-08-01,Rice (local),2.7 KG,1157.0,0.0,0.0,1047.4637500000001,112.71349614932794
2021-09-01,Rice (local),2.7 KG,1125.5,-31.5,-2.7225583405358633,1048.8387500000001,113.62934684404625
2021-10-01,Rice (local),2.7 KG,1061.0,-64.5,-5.73078631719236,1070.2554166666666,83.5168531021337
2021-11-01,Rice (local),2.7 KG,1092.0,31.0,2.9217719132893505,1082.6720833333334,73.33268821729031
2021-12-01,Rice (local),2.7 KG,1061.0,-31.0,-2.83882783882784,1090.7554166666666,63.78732224632213
2022-01-01,Rice (local),2.7 KG,1157.0,96.0,9.048067860508958,1106.8387500000001,52.2009866732345
2022-02-01,Rice (local),2.7 KG,1180.5,23.5,2.0311149524632643,1122.8179166666666,40.88942380807304
2022-03-01,Rice (local),2.7 KG,1203.725,23.22499999999991,1.9673867005506107,1132.3383333333334,45.46554561290294
2022-04-01,Rice (local),2.7 KG,1249.0,45.27500000000009,3.7612411472720098,1144.7270833333334,55.171000141641336
2022-05-01,Rice (local),2.7 KG,1254.0,5.0,0.4003202562049557,1154.5604166666667,63.37931037729692
2022-06-01,Rice (local),2.7 KG,1237.565,-16.434999999999945,-1.3106060606060566,1161.2741666666668,67.7758490384224
2022-07-01,Rice (local),2.7 KG,1260.42,22.855000000000018,1.8467716847195836,1169.8925,73.51533085319548
2022-08-01,Rice (local),2.7 KG,1259.79,-0.6300000000001091,-0.049983338887049644,1178.4583333333333,77.74340341304004
2022-09-01,Rice (local),2.7 KG,1303.18,43.3900000000001,3.4442248311226553,1193.265,83.45083748694807
2022-10-01,Rice (local),2.7 KG,1335.645,32.46499999999992,2.4912138000890094,1216.1520833333334,81.51780409151026
2022-11-01,Rice (local),2.7 KG,1440.165,104.51999999999998,7.825432656132425,1245.1658333333332,94.27385205379586
2022-12-01,Rice (local),2.7 KG,1391.95,-48.21499999999992,-3.3478802776070737,1272.7450000000001,83.26538252643267
2023-01-01,Rice (local),2.7 KG,1397.0,5.0499999999999545,0.3628003879449615,1292.7450000000001,81.74614986763771
2023-02-01,Rice (local),2.7 KG,1630.5,233.5,16.714387974230505,1330.2450000000001,119.89058011370423
2023-03-01,Rice (local),2.7 KG,1728.0,97.5,5.979760809567614,1373.9345833333334,158.80452149588967
2023-04-01,Rice (local),2.7 KG,1775.5,47.5,2.748842592592582,1417.8095833333334,190.6814532557385
2023-05-01,Rice (local),2.7 KG,1901.5,126.0,7.096592509152355,1471.7679166666667,228.06267111614204
2023-06-01,Rice (local),2.7 KG,1920.0,18.5,0.9729161188535285,1528.6375,248.52100730211006
2023-07-01,Rice (local),2.7 KG,1987.77,67.76999999999998,3.5296875000000005,1589.25,265.28974299981917
2023-08-01,Rice (local),2.7 KG,2196.77,209.0,10.514294913395418,1667.3316666666667,295.6565611892346
2023-09-01,Rice (local),2.7 KG,2286.295,89.52500000000009,4.075301465333192,1749.2579166666667,320.7246157067876
2023-10-01,Rice (local),2.7 KG,2173.91,-112.38500000000022,-4.915594881675389,1819.1133333333335,313.6592630860733
2023-11-01,Rice (local),2.7 KG,2286.84,112.93000000000029,5.194787272702195,1889.6695833333333,315.8871560488501
2023-12-01,Rice (local),2.7 KG,2225.0,-61.840000000000146,-2.704168197162904,1959.0904166666667,286.7565214322134
2024-01-01,Rice (local),2.7 KG,2575.0,350.0,15.73033707865168,2057.2570833333334,278.35245372188587
2024-02-01,Rice (local),2.7 KG,3001.725,426.7249999999999,16.571844660194166,2171.525833333333,357.4519477104192
2024-03-01,Rice (local),2.7 KG,3350.0,348.2750000000001,11.602495231908328,2306.6924999999997,464.98648147260775
2024-04-01,Rice (local),2.7 KG,3385.0,35.0,1.0447761194029903,2440.8174999999997,525.9661337589781
2024-05-01,Rice (local),2.7 KG,3416.13,31.13000000000011,0.9196454948301458,2567.0366666666664,565.0615318800335
2024-06-01,Rice (local),2.7 KG,3583.6949999999997,167.5649999999996,4.905111924897465,2705.6779166666665,595.1715449594012
2024-07-01,Rice (local),2.7 KG,4048.39,464.69500000000016,12.966923803504482,2877.39625,662.6502283946503
2024-08-01,Rice (local),2.7 KG,4400.0,351.6100000000001,8.685181022579357,3060.99875,755.6279825631075
2024-09-01,Rice (local),2.7 KG,4550.0,150.0,3.409090909090917,3249.6408333333334,824.1049648139892
2024-10-01,Rice (local),2.7 KG,4500.0,-50.0,-1.098901098901095,3443.4816666666666,821.6363340209216
2024-11-01,Rice (local),2.7 KG,4108.6849999999995,-391.3150000000005,-8.695888888888902,3595.3020833333335,754.0214116698777
2024-12-01,Rice (local),2.7 KG,4100.0,-8.68499999999949,-0.2113815004070485,3751.5520833333335,627.9877401324294
2025-01-01,Rice (local),2.7 KG,4000.0,-100.0,-2.4390243902439046,3870.3020833333335,508.6780935847343
2025-02-01,Rice (local),2.7 KG,4000.0,0.0,0.0,3953.491666666667,429.12561738077545
2025-03-01,Rice (local),2.7 KG,3900.0,-100.0,-2.500000000000002,3999.3250000000003,386.01549471374653
2025-04-01,Rice (local),2.7 KG,4000.0,100.0,2.564102564102555,4050.5750000000003,334.41592009598475
2025-05-01,Rice (local),2.7 KG,3579.17,-420.8299999999999,-10.520750000000001,4064.1616666666664,308.61289810092217
2025-06-01,Rice (local),2.7 KG,3400.0,-179.17000000000007,-5.005909191237079,4048.8537499999998,337.7884819012059
2025-07-01,Rice (local),2.7 KG,3058.06,-341.94000000000005,-10.057058823529408,3966.32625,442.6217577177168
2025-08-01,Rice (local),2.7 KG,3032.26,-25.799999999999727,-0.8436721320052465,3852.347916666666,493.9238381455731
2025-09-01,Rice (local),2.7 KG,3000.0,-32.26000000000022,-1.0638929379406803,3723.1812499999996,497.5520571308301
2025-10-01,Rice (local),2.7 KG,2668.75,-331.25,-11.041666666666671,3570.577083333333,518.0435270869
2025-11-01,Rice (local),2.7 KG,2486.665,-182.08500000000004,-6.822857142857142,3435.40875,573.5154424414018
2025-12-01,Rice (local),2.7 KG,2218.75,-267.91499999999996,-10.774068883424182,3278.6379166666666,629.7020539381368
2026-01-01,Rice (local),2.7 KG,2200.0,-18.75,-0.8450704225352101,3128.6379166666666,656.0811995250829
2026-02-01,Rice (local),2.7 KG,2309.26,109.26000000000022,4.9663636363636465,2987.7429166666666,633.0847582076328
2026-03-01,Rice (local),2.7 KG,2411.29,102.02999999999975,4.418298502550599,2863.68375,581.8587987769977
2026-04-01,Rice (local),2.7 KG,2560.0,148.71000000000004,6.167238283242571,2743.68375,462.4407066519511
2026-05-01,Rice (local),2.7 KG,2887.5,327.5,12.79296875,2686.044583333334,385.5508498797509
2026-06-01,Rice (local),2.7 KG,2900.0,12.5,0.43290043290042934,2644.377916666667,323.3848377669299
2026-07-01,Rice (local),2.7 KG,2200.0,-700.0,-24.13793103448276,2572.8729166666667,318.4248980561804
2016-01-01,Tomatoes,0.5 KG,200.0,,,,
2016-12-01,Tomatoes,0.5 KG,43.0,,,,
2017-02-01,Tomatoes,0.5 KG,30.0,,,,
2017-03-01,Tomatoes,0.5 KG,50.0,20.0,66.66666666666667,,
2017-04-01,Tomatoes,0.5 KG,50.0,0.0,0.0,,
2017-05-01,Tomatoes,0.5 KG,50.0,0.0,0.0,70.5,63.91791611121251
2017-06-01,Tomatoes,0.5 KG,25.0,-25.0,-50.0,64.0,60.8303652243954
2017-07-01,Tomatoes,0.5 KG,65.0,40.0,160.0,64.125,56.31908456033608
2017-08-01,Tomatoes,0.5 KG,50.0,-15.0,-23.076923076923073,62.55555555555556,52.8916607583632
2017-09-01,Tomatoes,0.5 KG,70.0,20.0,39.99999999999999,63.3,49.9222729183411
2017-10-01,Tomatoes,0.5 KG,60.0,-10.0,-14.28571428571429,63.0,47.37087712930804
2017-11-01,Tomatoes,0.5 KG,50.0,-10.0,-16.666666666666664,61.916666666666664,45.321996131385625
2017-12-01,Tomatoes,0.5 KG,50.0,0.0,0.0,49.416666666666664,12.773967372130041
2018-01-01,Tomatoes,0.5 KG,40.0,-10.0,-19.999999999999996,49.166666666666664,12.939252004047331
2018-02-01,Tomatoes,0.5 KG,40.0,0.0,0.0,50.0,11.870513506546015
2018-03-01,Tomatoes,0.5 KG,50.0,10.0,25.0,50.0,11.870513506546015
2018-04-01,Tomatoes,0.5 KG,55.0,5.0,10.000000000000009,50.416666666666664,11.95794398056893
2018-05-01,Tomatoes,0.5 KG,75.0,20.0,36.36363636363635,52.5,13.898986228564246
2018-06-01,Tomatoes,0.5 KG,67.7,-7.299999999999997,-9.733333333333327,56.05833333333334,11.472691554955697
2018-07-01,Tomatoes,0.5 KG,100.0,32.3,47.71048744460855,58.975,17.04721384860295
2018-08-01,Tomatoes,0.5 KG,100.0,0.0,0.0,63.14166666666667,20.429143991915677
2018-09-01,Tomatoes,0.5 KG,50.0,-50.0,-50.0,61.475,20.633561583894423
2018-10-01,Tomatoes,0.5 KG,65.0,15.0,30.000000000000004,61.89166666666667,20.6515444429415
2018-11-01,Tomatoes,0.5 KG,90.0,25.0,38.46153846153846,65.22500000000001,21.756258242797006
2018-12-01,Tomatoes,0.5 KG,85.7,-4.299999999999997,-4.77777777777777,68.2,21.925286356583392
2019-01-01,Tomatoes,0.5 KG,70.0,-15.700000000000003,-18.319719953325553,70.7,20.04744372731845
2019-02-01,Tomatoes,0.5 KG,75.0,5.0,7.14285714285714,73.61666666666666,17.567575159073513
2019-03-01,Tomatoes,0.5 KG,50.0,-25.0,-33.333333333333336,73.61666666666666,17.567575159073513
2019-04-01,Tomatoes,0.5 KG,50.0,0.0,0.0,73.2,18.10047714087318
2019-05-01,Tomatoes,0.5 KG,80.0,30.0,60.00000000000001,73.61666666666666,18.20293849072093
2019-06-01,Tomatoes,0.5 KG,92.5,12.5,15.625,75.68333333333332,18.865882305143185
2019-07-01,Tomatoes,0.5 KG,91.7,-0.7999999999999972,-0.8648648648648671,74.99166666666666,18.02682134705915
2019-08-01,Tomatoes,0.5 KG,85.0,-6.700000000000003,-7.306434023991281,73.74166666666666,16.598546394917904
2019-09-01,Tomatoes,0.5 KG,80.0,-5.0,-5.882352941176472,76.24166666666666,14.866463682538697
2019-10-01,Tomatoes,0.5 KG,70.0,-10.0,-12.5,76.65833333333333,14.59024944227748
2019-11-01,Tomatoes,0.5 KG,75.0,5.0,7.14285714285714,75.40833333333333,13.972795538170404
2019-12-01,Tomatoes,0.5 KG,75.0,0.0,0.0,74.51666666666667,13.592567041875443
2020-01-01,Tomatoes,0.5 KG,73.5,-1.5,-2.0000000000000018,74.80833333333334,13.524217895943906
2020-02-01,Tomatoes,0.5 KG,50.0,-23.5,-31.97278911564626,72.72500000000001,15.300868959281065
2020-03-01,Tomatoes,0.5 KG,60.0,10.0,19.999999999999996,73.55833333333334,14.18209231475533
2020-04-01,Tomatoes,0.5 KG,61.25,1.25,2.083333333333326,74.49583333333334,12.786364511628868
2020-05-01,Tomatoes,0.5 KG,58.0,-3.25,-5.306122448979589,72.66250000000001,13.483611685706059
2020-06-01,Tomatoes,0.5 KG,50.0,-8.0,-13.793103448275868,69.12083333333334,13.380539775994464
2020-07-01,Tomatoes,0.5 KG,80.0,30.0,60.00000000000001,68.14583333333333,11.933746236719825
2020-08-01,Tomatoes,0.5 KG,65.0,-15.0,-18.75,66.47916666666667,10.698586532242441
2020-09-01,Tomatoes,0.5 KG,59.0,-6.0,-9.230769230769232,64.72916666666667,9.979216090849999
2020-10-01,Tomatoes,0.5 KG,70.0,11.0,18.644067796610166,64.72916666666667,9.979216090849999
2020-11-01,Tomatoes,0.5 KG,60.0,-10.0,-14.28571428571429,63.479166666666664,9.503861854610262
2020-12-01,Tomatoes,0.5 KG,60.0,0.0,0.0,62.229166666666664,8.812090308551179
2021-01-01,Tomatoes,0.5 KG,61.0,1.0,1.6666666666666607,61.1875,8.065868746537147
2021-02-01,Tomatoes,0.5 KG,58.0,-3.0,-4.918032786885251,61.854166666666664,7.35655114146369
2021-03-01,Tomatoes,0.5 KG,70.0,12.0,20.68965517241379,62.6875,7.686414372715789
2021-04-01,Tomatoes,0.5 KG,70.0,0.0,0.0,63.416666666666664,7.948222595287786
2021-05-01,Tomatoes,0.5 KG,69.0,-1.0,-1.4285714285714235,64.33333333333333,7.9009013678341296
2021-06-01,Tomatoes,0.5 KG,100.0,31.0,44.927536231884055,68.5,11.851352051751137
2021-07-01,Tomatoes,0.5 KG,100.0,0.0,0.0,70.16666666666667,14.683530250115634
2021-08-01,Tomatoes,0.5 KG,100.0,0.0,0.0,73.08333333333333,16.876332719539697
2021-09-01,Tomatoes,0.5 KG,100.0,0.0,0.0,76.5,17.886002653166827
2021-10-01,Tomatoes,0.5 KG,100.0,0.0,0.0,79.0,18.95928652282425
2021-11-01,Tomatoes,0.5 KG,80.0,-20.0,-19.999999999999996,80.66666666666667,17.991580522482437
2021-12-01,Tomatoes,0.5 KG,80.0,0.0,0.0,82.33333333333333,16.7892461974559
2022-01-01,Tomatoes,0.5 KG,75.0,-5.0,-6.25,83.5,15.617589151629337
2022-02-01,Tomatoes,0.5 KG,63.0,-12.0,-16.000000000000004,83.91666666666667,14.926841797935875
2022-03-01,Tomatoes,0.5 KG,71.0,8.0,12.698412698412698,84.0,14.844650092327399
2022-04-01,Tomatoes,0.5 KG,57.0,-14.0,-19.718309859154925,82.91666666666667,16.356585181139682
2022-05-01,Tomatoes,0.5 KG,75.0,18.0,31.578947368421062,83.41666666666667,15.97986422364283
2023-02-01,Tomatoes,0.5 KG,62.0,,,80.25,16.159010995838692
2023-03-01,Tomatoes,0.5 KG,50.0,-12.0,-19.354838709677423,76.08333333333333,17.026494505667173
2023-04-01,Tomatoes,0.5 KG,53.0,3.0,6.000000000000005,72.16666666666667,16.41968515550952
2023-05-01,Tomatoes,0.5 KG,84.5,31.5,59.43396226415094,70.875,14.532291629333589
2023-06-01,Tomatoes,0.5 KG,100.0,15.5,18.343195266272193,70.875,14.532291629333589
2023-07-01,Tomatoes,0.5 KG,150.0,50.0,50.0,76.70833333333333,27.123001252989983
2023-08-01,Tomatoes,0.5 KG,158.33499999999998,8.33499999999998,5.556666666666654,83.23625,35.970875158370696
2023-09-01,Tomatoes,0.5 KG,135.0,-23.33499999999998,-14.737739602741017,88.23625,38.782133253072736
2023-10-01,Tomatoes,0.5 KG,106.855,-28.144999999999996,-20.848148148148148,91.89083333333333,38.25050236350636
2023-11-01,Tomatoes,0.5 KG,129.81,22.955,21.48238266810163,96.79166666666667,39.088859743673844
2023-12-01,Tomatoes,0.5 KG,200.0,70.19,54.07133502811801,108.70833333333333,46.876848828186034
2024-01-01,Tomatoes,0.5 KG,150.235,-49.764999999999986,-24.882499999999997,114.97791666666667,46.98969782924055
2024-02-01,Tomatoes,0.5 KG,131.11,-19.125,-12.730056245215826,120.73708333333333,44.049473397860154
2024-03-01,Tomatoes,0.5 KG,158.82,27.70999999999998,21.134924872244664,129.80541666666667,39.084610692604144
2024-04-01,Tomatoes,0.5 KG,150.0,-8.819999999999993,-5.553456743483187,137.88875,30.937386262417228
2024-05-01,Tomatoes,0.5 KG,206.45,56.44999999999999,37.63333333333332,148.05125,31.822390711072995
2024-06-01,Tomatoes,0.5 KG,294.445,87.995,42.6229111164931,164.255,49.644902054491
2024-07-01,Tomatoes,0.5 KG,358.06,63.61500000000001,21.605053575370615,181.59333333333333,74.38263401106637
2024-08-01,Tomatoes,0.5 KG,200.0,-158.06,-44.143439646986536,185.06541666666666,74.1703994025776
2024-09-01,Tomatoes,0.5 KG,200.0,0.0,0.0,190.48208333333332,72.53722688317717
2024-10-01,Tomatoes,0.5 KG,200.0,0.0,0.0,198.24416666666664,67.58983553334221
2024-11-01,Tomatoes,0.5 KG,200.0,0.0,0.0,204.09333333333333,64.07491305755585
2024-12-01,Tomatoes,0.5 KG,216.67,16.669999999999987,8.335000000000004,205.4825,64.15875131620435
2025-01-01,Tomatoes,0.5 KG,200.0,-16.669999999999987,-7.69372778880324,209.62958333333333,61.82908334706156
2025-02-01,Tomatoes,0.5 KG,200.0,0.0,0.0,215.37041666666664,56.87554908659364
2025-03-01,Tomatoes,0.5 KG,200.0,0.0,0.0,218.80208333333334,54.339081008152995
2025-04-01,Tomatoes,0.5 KG,200.0,0.0,0.0,222.96875,50.35469762887532
2025-05-01,Tomatoes,0.5 KG,200.0,0.0,0.0,222.43125,50.58096911815575
2025-06-01,Tomatoes,0.5 KG,246.67,46.66999999999999,23.334999999999994,218.45000000000002,46.077120530298366
2025-07-01,Tomatoes,0.5 KG,306.25,59.58000000000001,24.15372765232904,214.13250000000002,32.11953473143163
2025-08-01,Tomatoes,0.5 KG,258.335,-47.91500000000002,-15.645714285714297,218.99375,34.137239138845636
2025-09-01,Tomatoes,0.5 KG,200.0,-58.33499999999998,-22.58114463777653,218.99375,34.137239138845636
2025-10-01,Tomatoes,0.5 KG,200.0,0.0,0.0,218.99375,34.137239138845636
2025-11-01,Tomatoes,0.5 KG,208.7,8.699999999999989,4.349999999999987,219.71875,33.787777922376385
2025-12-01,Tomatoes,0.5 KG,200.0,-8.699999999999989,-4.168663152850982,218.32958333333332,34.26385601995297
2026-01-01,Tomatoes,0.5 KG,196.0,-4.0,-2.0000000000000018,217.99625,34.47717750556166
2026-02-01,Tomatoes,0.5 KG,200.0,4.0,2.0408163265306145,217.99625,34.47717750556166
2026-03-01,Tomatoes,0.5 KG,200.0,0.0,0.0,217.99625,34.47717750556166
2026-04-01,Tomatoes,0.5 KG,200.0,0.0,0.0,217.99625,34.47717750556166
2026-05-01,Tomatoes,0.5 KG,233.87,33.870000000000005,16.93500000000001,220.81875,34.255651565903
2026-06-01,Tomatoes,0.5 KG,350.0,116.13,49.655791679137984,229.4295833333333,50.48644923767957
2026-07-01,Tomatoes,0.5 KG,500.0,150.0,42.85714285714286,245.57541666666665,91.5604201273756
2014-07-01,Yam,2.5 KG,288.0,,,,
2014-08-01,Yam,2.5 KG,279.0,-9.0,-3.125,,
2014-09-01,Yam,2.5 KG,254.0,-25.0,-8.960573476702505,,
2014-10-01,Yam,2.5 KG,236.0,-18.0,-7.0866141732283445,,
2014-11-01,Yam,2.5 KG,203.0,-33.0,-13.983050847457623,,
2014-12-01,Yam,2.5 KG,198.0,-5.0,-2.463054187192115,243.0,37.72532306024695
2015-01-01,Yam,2.5 KG,205.0,7.0,3.535353535353525,237.57142857142858,37.31334498923561
2015-02-01,Yam,2.5 KG,255.0,50.0,24.390243902439025,239.75,35.090698808332995
2015-03-01,Yam,2.5 KG,247.0,-8.0,-3.1372549019607843,240.55555555555554,32.913185469926454
2015-04-01,Yam,2.5 KG,217.0,-30.0,-12.145748987854255,238.2,31.91238004286111
2015-05-01,Yam,2.5 KG,254.0,37.0,17.050691244239637,239.63636363636363,30.647259999134434
2015-06-01,Yam,2.5 KG,319.0,65.0,25.590551181102363,246.25,37.13152299596665
2015-07-01,Yam,2.5 KG,350.0,31.0,9.717868338557988,251.41666666666666,46.580250074142974
2015-08-01,Yam,2.5 KG,366.5,16.5,4.714285714285715,258.7083333333333,56.97864764873581
2015-09-01,Yam,2.5 KG,365.0,-1.5,-0.4092769440654842,267.9583333333333,64.63972122933436
2015-10-01,Yam,2.5 KG,350.0,-15.0,-4.109589041095896,277.4583333333333,67.81507553410943
2015-11-01,Yam,2.5 KG,292.0,-58.0,-16.57142857142857,284.875,63.67178802977883
2015-12-01,Yam,2.5 KG,291.5,-0.5,-0.1712328767123239,292.6666666666667,57.495586128349196
2016-01-01,Yam,2.5 KG,336.0,44.5,15.265866209262446,303.5833333333333,51.456439359084584
2016-02-01,Yam,2.5 KG,267.5,-68.5,-20.386904761904766,304.625,50.501181354318994
2016-03-01,Yam,2.5 KG,331.0,63.5,23.73831775700934,311.625,47.52134687791275
2016-04-01,Yam,2.5 KG,372.5,41.5,12.537764350453173,324.5833333333333,39.97489742629021
2016-05-01,Yam,2.5 KG,397.5,25.0,6.711409395973145,336.5416666666667,38.37225461505258
2016-06-01,Yam,2.5 KG,294.0,-103.5,-26.03773584905661,334.4583333333333,40.05306612558652
2016-07-01,Yam,2.5 KG,313.0,19.0,6.4625850340136015,331.375,40.17186091147521
2016-08-01,Yam,2.5 KG,303.5,-9.5,-3.0351437699680517,326.125,39.27069518101252
2016-09-01,Yam,2.5 KG,264.5,-39.0,-12.850082372322902,317.75,40.90871211945846
2016-10-01,Yam,2.5 KG,220.0,-44.5,-16.824196597353502,306.9166666666667,48.16205283553987
2016-11-01,Yam,2.5 KG,276.0,56.0,25.454545454545464,305.5833333333333,48.82940308933345
2016-12-01,Yam,2.5 KG,296.0,20.0,7.246376811594213,305.9583333333333,48.72858892670585
2017-01-01,Yam,2.5 KG,294.0,-2.0,-0.6756756756756799,302.4583333333333,47.875529113303685
2017-02-01,Yam,2.5 KG,285.0,-9.0,-3.0612244897959218,303.9166666666667,46.97186456386483
2017-03-01,Yam,2.5 KG,338.0,53.0,18.596491228070168,304.5,47.380471619741094
2017-04-01,Yam,2.5 KG,368.0,30.0,8.875739644970416,304.125,46.80769410334937
2017-05-01,Yam,2.5 KG,403.0,35.0,9.510869565217384,304.5833333333333,47.821083850181196
2017-06-01,Yam,2.5 KG,441.0,38.0,9.429280397022332,316.8333333333333,61.68259417568641
2017-07-01,Yam,2.5 KG,484.0,43.0,9.75056689342404,331.0833333333333,78.24519541838083
2017-08-01,Yam,2.5 KG,550.0,66.0,13.636363636363647,351.625,99.74766458874657
2017-09-01,Yam,2.5 KG,403.0,-147.0,-26.727272727272723,363.1666666666667,96.71686262049401
2017-10-01,Yam,2.5 KG,403.0,0.0,0.0,378.4166666666667,85.91481863221301
2017-11-01,Yam,2.5 KG,403.0,0.0,0.0,389.0,79.75302787070501
2017-12-01,Yam,2.5 KG,318.0,-85.0,-21.09181141439206,390.8333333333333,77.64585493043903
2018-01-01,Yam,2.5 KG,368.0,50.0,15.723270440251568,397.0,71.98863546674316
2018-02-01,Yam,2.5 KG,331.0,-37.0,-10.054347826086952,400.8333333333333,66.4978924250212
2018-03-01,Yam,2.5 KG,355.0,24.0,7.25075528700907,402.25,65.20614165161824
2018-04-01,Yam,2.5 KG,404.0,49.0,13.802816901408455,405.25,64.30909026653298
2018-05-01,Yam,2.5 KG,496.0,92.0,22.77227722772277,413.0,69.4144339194928
2018-06-01,Yam,2.5 KG,403.0,-93.0,-18.75,409.8333333333333,68.88572003138546
2018-07-01,Yam,2.5 KG,640.0,237.0,58.8089330024814,422.8333333333333,94.2171894501146
2018-08-01,Yam,2.5 KG,494.0,-146.0,-22.812500000000004,418.1666666666667,88.56310881187629
2018-09-01,Yam,2.5 KG,415.0,-79.0,-15.991902834008098,419.1666666666667,88.44395588921455
2018-10-01,Yam,2.5 KG,429.0,14.0,3.3734939759036076,421.3333333333333,88.33030297832347
2018-11-01,Yam,2.5 KG,417.0,-12.0,-2.7972027972028024,422.5,88.15843176298617
2018-12-01,Yam,2.5 KG,403.0,-14.0,-3.3573141486810565,429.5833333333333,82.21309156236872
2019-01-01,Yam,2.5 KG,407.5,4.5,1.1166253101736912,432.875,80.29154970820687
2019-02-01,Yam,2.5 KG,413.0,5.5,1.3496932515337345,439.7083333333333,74.08240446634514
2019-03-01,Yam,2.5 KG,444.0,31.0,7.506053268765123,447.125,69.11983171538861
2019-04-01,Yam,2.5 KG,484.0,40.0,9.009009009009006,453.7916666666667,68.43691797870686
2019-05-01,Yam,2.5 KG,504.5,20.5,4.23553719008265,454.5,68.9555192596187
2019-06-01,Yam,2.5 KG,542.0,37.5,7.433102081268572,466.0833333333333,71.15758227449501
2019-07-01,Yam,2.5 KG,521.0,-21.0,-3.874538745387457,456.1666666666667,49.805226694199625
2019-08-01,Yam,2.5 KG,467.0,-54.0,-10.364683301343568,453.9166666666667,48.53435209553478
2019-09-01,Yam,2.5 KG,413.5,-53.5,-11.456102783725907,453.7916666666667,48.64549793862714
2019-10-01,Yam,2.5 KG,442.0,28.5,6.892382103990324,454.875,48.18577921110985
2019-11-01,Yam,2.5 KG,403.0,-39.0,-8.823529411764708,453.7083333333333,49.341784953771686
2019-12-01,Yam,2.5 KG,423.0,20.0,4.962779156327546,455.375,47.78651626100866
2020-01-01,Yam,2.5 KG,441.0,18.0,4.255319148936176,458.1666666666667,45.66694315333255
2020-02-01,Yam,2.5 KG,441.0,0.0,0.0,460.5,43.82765834907959
2020-03-01,Yam,2.5 KG,528.5,87.5,19.84126984126984,467.5416666666667,47.564529533014216
2020-04-01,Yam,2.5 KG,607.0,78.5,14.853358561967834,477.7916666666667,62.37950505987657
2020-05-01,Yam,2.5 KG,576.5,-30.5,-5.024711696869854,483.7916666666667,68.35816714300883
2020-06-01,Yam,2.5 KG,595.65,19.149999999999977,3.3217692974848223,488.2625,74.03036577525603
2020-07-01,Yam,2.5 KG,632.0,36.35000000000002,6.102577016704447,497.5125,84.66373089786131
2020-08-01,Yam,2.5 KG,484.0,-148.0,-23.417721518987346,498.9291666666666,84.24796317563082
2020-09-01,Yam,2.5 KG,484.0,0.0,0.0,504.8041666666666,80.10530699231704
2020-10-01,Yam,2.5 KG,444.0,-40.0,-8.264462809917351,504.9708333333333,79.96471511159663
2020-11-01,Yam,2.5 KG,484.0,40.0,9.009009009009006,511.7208333333333,73.75197211025304
2020-12-01,Yam,2.5 KG,484.0,0.0,0.0,516.8041666666667,69.03218109342322
2021-01-01,Yam,2.5 KG,524.0,40.0,8.264462809917351,523.7208333333333,64.77323190925188
2021-02-01,Yam,2.5 KG,556.0,32.0,6.106870229007644,533.3041666666667,59.733051831131434
2021-03-01,Yam,2.5 KG,551.0,-5.0,-0.8992805755395739,535.1791666666667,59.92137825492439
2021-04-01,Yam,2.5 KG,621.185,70.18499999999995,12.737749546279487,536.36125,61.58386056741159
2021-05-01,Yam,2.5 KG,645.0,23.815000000000055,3.8338015245055868,542.0695833333333,68.43612059492679
2021-06-01,Yam,2.5 KG,647.735,2.7350000000000136,0.424031007751946,546.41,73.60013417107356
2021-07-01,Yam,2.5 KG,667.2,19.465000000000032,3.0050869568573724,549.3433333333334,77.89742667979067
2021-08-01,Yam,2.5 KG,680.5,13.299999999999955,1.9934052757793586,565.7183333333334,83.37360189187146
2021-09-01,Yam,2.5 KG,635.0,-45.5,-6.686260102865537,578.3016666666667,81.28776739945505
2021-10-01,Yam,2.5 KG,609.0,-26.0,-4.094488188976375,592.0516666666667,69.62328007777218
2021-11-01,Yam,2.5 KG,590.0,-19.0,-3.1198686371100126,600.8850000000001,60.838180109951836
2021-12-01,Yam,2.5 KG,622.0,32.0,5.423728813559325,612.3850000000001,48.533836135216326
2022-01-01,Yam,2.5 KG,578.5,-43.5,-6.9935691318328,616.9266666666667,41.56006596882833
2022-02-01,Yam,2.5 KG,606.0,27.5,4.753673292999139,621.0933333333334,37.1711397294717
2022-03-01,Yam,2.5 KG,634.1949999999999,28.194999999999936,4.652640264026386,628.02625,29.97032502970889
2022-04-01,Yam,2.5 KG,593.835,-40.3599999999999,-6.363973225900532,625.7470833333333,31.536887309534418
2022-05-01,Yam,2.5 KG,740.5,146.66499999999996,24.697937979405047,633.7054166666667,45.70444987577251
2022-06-01,Yam,2.5 KG,822.73,82.23000000000002,11.104659014179607,648.2883333333333,71.32473147301016
2022-07-01,Yam,2.5 KG,825.6300000000001,2.900000000000091,0.35248501938669463,661.4908333333334,87.88429068520989
2022-08-01,Yam,2.5 KG,737.1700000000001,-88.46000000000004,-10.71424245727506,666.2133333333333,90.48279485709735
2022-09-01,Yam,2.5 KG,708.515,-28.655000000000086,-3.8871630695769044,672.3395833333333,90.66586276137893
2022-10-01,Yam,2.5 KG,714.65,6.134999999999991,0.8658955703125581,681.1437500000001,89.07167374763199
2022-11-01,Yam,2.5 KG,742.235,27.585000000000036,3.859931434968167,693.83,85.6870946578838
2022-12-01,Yam,2.5 KG,743.3050000000001,1.07000000000005,0.1441591948641685,703.9387500000001,83.5719857946378
2023-01-01,Yam,2.5 KG,825.0,81.69499999999994,10.990777675382235,724.4804166666668,80.16146791599455
2023-02-01,Yam,2.5 KG,645.0,-180.0,-21.818181818181813,727.7304166666668,75.58093062942969
2023-03-01,Yam,2.5 KG,705.5,60.5,9.379844961240313,733.6725,70.1678926996468
2023-04-01,Yam,2.5 KG,726.0,20.5,2.905740609496821,744.6862500000001,54.94424728448967
2023-05-01,Yam,2.5 KG,693.0,-33.0,-4.545454545454541,740.7279166666667,56.94774025600323
2023-06-01,Yam,2.5 KG,1000.0,307.0,44.300144300144304,755.5004166666668,92.22129845348653
2023-07-01,Yam,2.5 KG,1390.32,390.31999999999994,39.032,802.5579166666666,205.61599071678998
2023-08-01,Yam,2.5 KG,1562.9,172.58000000000015,12.412969676045815,871.36875,298.79798993121085
2023-09-01,Yam,2.5 KG,1500.0,-62.90000000000009,-4.024569710154202,937.3258333333333,343.5819988328403
2023-10-01,Yam,2.5 KG,1504.55,4.5499999999999545,0.30333333333332213,1003.1508333333333,371.568915685621
2023-11-01,Yam,2.5 KG,1526.92,22.37000000000012,1.4868233026486433,1068.54125,390.0634259504534
2023-12-01,Yam,2.5 KG,1519.12,-7.800000000000182,-0.5108322636418583,1133.1924999999999,395.5122594381993
2024-01-01,Yam,2.5 KG,1919.355,400.2350000000001,26.34650323871717,1224.3887499999998,441.4848096023912
2024-02-01,Yam,2.5 KG,1837.0700000000002,-82.28499999999985,-4.28711728679686,1323.7279166666665,433.3028500286988
2024-03-01,Yam,2.5 KG,2000.0,162.92999999999984,8.869014245510499,1431.6029166666667,426.4823287954747
2024-04-01,Yam,2.5 KG,2410.0,410.0,20.500000000000007,1571.93625,449.6284312282209
2024-05-01,Yam,2.5 KG,2879.84,469.84000000000015,19.495435684647312,1754.1729166666667,501.2152362393309
2024-06-01,Yam,2.5 KG,3000.0,120.15999999999985,4.172454025223615,1920.8395833333334,557.0505806496255
2024-07-01,Yam,2.5 KG,3361.29,361.28999999999996,12.043000000000003,2085.0870833333333,666.2703739284918
2024-08-01,Yam,2.5 KG,3625.0,263.71000000000004,7.845499793234145,2256.9287499999996,776.2014770667279
2024-09-01,Yam,2.5 KG,3000.0,-625.0,-17.24137931034483,2381.9287499999996,763.9068132725395
2024-10-01,Yam,2.5 KG,3435.48,435.48,14.515999999999995,2542.8395833333334,765.658303982025
2024-11-01,Yam,2.5 KG,3000.0,-435.48,-12.675957944741345,2665.59625,703.5385677388447
2024-12-01,Yam,2.5 KG,3130.435,130.43499999999995,4.3478333333333286,2799.8725,612.7388302587168
2025-01-01,Yam,2.5 KG,3056.45,-73.98500000000013,-2.363409558096563,2894.630416666667,548.7763087603466
2025-02-01,Yam,2.5 KG,3446.43,389.98,12.759246838652682,3028.7437499999996,455.56377846638657
2025-03-01,Yam,2.5 KG,3500.0,53.570000000000164,1.5543620500053645,3153.7437499999996,338.3369311468137
2025-04-01,Yam,2.5 KG,2815.74,-684.2600000000002,-19.55028571428572,3187.5554166666666,270.7839951751124
2025-05-01,Yam,2.5 KG,3500.0,684.2600000000002,24.301249405129745,3239.235416666667,265.85140478247155
2025-06-01,Yam,2.5 KG,3173.91,-326.09000000000015,-9.316857142857149,3253.7279166666667,256.1888682687317
2025-07-01,Yam,2.5 KG,3659.09,485.1800000000003,15.28650780898011,3278.544583333334,280.7973245101996
2025-08-01,Yam,2.5 KG,3000.0,-659.0900000000001,-18.012401990658887,3226.4612500000003,268.38272499044797
2025-09-01,Yam,2.5 KG,3000.0,0.0,0.0,3226.4612500000003,268.38272499044797
2025-10-01,Yam,2.5 KG,2956.45,-43.55000000000018,-1.4516666666666733,3186.5420833333333,270.0870089893506
2025-11-01,Yam,2.5 KG,3000.0,43.55000000000018,1.473050449018265,3186.5420833333333,270.0870089893506
2025-12-01,Yam,2.5 KG,2562.5,-437.5,-14.583333333333337,3139.2141666666666,324.99206330053084
2026-01-01,Yam,2.5 KG,2912.5,350.0,13.658536585365844,3127.218333333333,330.9271904494866
2026-02-01,Yam,2.5 KG,2785.71,-126.78999999999996,-4.353304721030038,3072.1583333333333,327.9403312642405
2026-03-01,Yam,2.5 KG,2855.75,70.03999999999996,2.514260278349134,3018.4708333333333,303.3433956743499
2026-04-01,Yam,2.5 KG,2833.33,-22.420000000000073,-0.7850827278298222,3019.9366666666665,302.3154472441443
2026-05-01,Yam,2.5 KG,3237.5,404.1700000000001,14.264840311576844,2998.0616666666665,272.4421103758803
2026-06-01,Yam,2.5 KG,3262.5,25.0,0.7722007722007707,3005.444166666666,278.7672079795249
2026-07-01,Yam,2.5 KG,3000.0,-262.5,-8.045977011494255,2950.52,188.63131746153766
