month,commodity,unit,price,observation_count,fitted_price,residual,robust_z,residual_anomaly,direction
2014-08-01,Rice (local),2.7 KG,510.0,1,472.0769907600632,37.92300923993679,0.330834364930591,False,above model expectation
2014-09-01,Rice (local),2.7 KG,540.0,1,502.4752551913448,37.524744808655214,0.32548894781215454,False,above model expectation
2014-10-01,Rice (local),2.7 KG,410.0,1,532.4752551913448,-122.47525519134479,-1.8219956673659141,False,below model expectation
2014-11-01,Rice (local),2.7 KG,396.0,1,442.6072275041725,-46.6072275041725,-0.8037117783527501,False,below model expectation
2014-12-01,Rice (local),2.7 KG,512.0,1,399.5115475773724,112.48845242262757,1.331635252797859,False,above model expectation
2015-01-01,Rice (local),2.7 KG,532.0,1,482.9043200731999,49.095679926800074,0.4807914799961528,False,above model expectation
2015-02-01,Rice (local),2.7 KG,501.0,2,526.9835034608965,-25.983503460896486,-0.5269047152864171,False,below model expectation
2015-03-01,Rice (local),2.7 KG,501.0,2,508.7755696356104,-7.775569635610395,-0.28252185426152815,False,below model expectation
2015-04-01,Rice (local),2.7 KG,463.0,2,501.0,-38.0,-0.6881874743243253,False,below model expectation
2015-05-01,Rice (local),2.7 KG,496.0,2,472.53134342429655,23.46865657570345,0.1368312401255958,False,above model expectation
2015-06-01,Rice (local),2.7 KG,532.0,1,487.7227807104793,44.2772192895207,0.41611916694991175,False,above model expectation
2015-07-01,Rice (local),2.7 KG,618.0,1,522.9703062296138,95.02969377038619,1.0973076552616379,False,above model expectation
2015-08-01,Rice (local),2.7 KG,541.5,2,596.4290648818551,-54.92906488185508,-0.9154056392189197,False,below model expectation
2015-09-01,Rice (local),2.7 KG,543.5,2,560.6880992620708,-17.18809926207075,-0.40885474527859933,False,below model expectation
2015-10-01,Rice (local),2.7 KG,517.5,2,542.9983503460896,-25.498350346089637,-0.5203930974735832,False,below model expectation
2015-11-01,Rice (local),2.7 KG,470.0,2,524.0214455008345,-54.02144550083449,-0.90322377261155,False,below model expectation
2015-12-01,Rice (local),2.7 KG,455.5,2,481.9141792803707,-26.414179280370718,-0.5326851508892304,False,below model expectation
2016-01-01,Rice (local),2.7 KG,2207.0,2,459.13695999085,1747.86304000915,23.28127129589308,True,above model expectation
2016-02-01,Rice (local),2.7 KG,409.0,1,1767.6803155880143,-1358.6803155880143,-18.41406659491043,True,below model expectation
2016-03-01,Rice (local),2.7 KG,472.5,2,859.9830388654013,-387.48303886540134,-5.378871532006378,True,below model expectation
2016-04-01,Rice (local),2.7 KG,532.0,1,456.5726234883465,75.4273765116535,0.8342096881680879,False,above model expectation
2016-05-01,Rice (local),2.7 KG,706.0,1,517.0759227961672,188.92407720383278,2.3575373044801196,False,above model expectation
2016-06-01,Rice (local),2.7 KG,835.0,9,662.3564801097999,172.64351989020008,2.139023264745426,False,above model expectation
2016-07-01,Rice (local),2.7 KG,791.0,9,802.6435973227826,-11.643597322782625,-0.33443766644456047,False,below model expectation
2016-08-01,Rice (local),2.7 KG,849.0,9,802.0362923860276,46.96370761397236,0.4521766191100083,False,above model expectation
2016-09-01,Rice (local),2.7 KG,781.0,9,834.4521600365999,-53.452160036599935,-0.8955829490109987,False,below model expectation
2016-10-01,Rice (local),2.7 KG,771.0,9,798.0560882329518,-27.056088232951765,-0.5413007108893108,False,below model expectation
2016-11-01,Rice (local),2.7 KG,761.5,10,773.5082482695517,-12.0082482695517,-0.3393319308076649,False,below model expectation
2016-12-01,Rice (local),2.7 KG,771.0,19,763.8828358560742,7.117164143925834,-0.08263487507717328,False,above model expectation
2017-01-01,Rice (local),2.7 KG,849.0,10,768.6171641439258,80.38283585607417,0.9007207675636115,False,above model expectation
2017-02-01,Rice (local),2.7 KG,820.0,17,829.4356634974965,-9.435663497496535,-0.30480326693747833,False,below model expectation
2017-03-01,Rice (local),2.7 KG,839.0,17,827.2739199817,11.726080018299967,-0.02077502549674559,False,above model expectation
2017-04-01,Rice (local),2.7 KG,858.5,18,834.2343282878517,24.265671712148333,0.14752860102296728,False,above model expectation
2017-05-01,Rice (local),2.7 KG,820.0,17,853.6089158743741,-33.608915874374134,-0.6292513143009866,False,below model expectation
2017-06-01,Rice (local),2.7 KG,820.0,18,829.6567558377742,-9.656755837774199,-0.30777071943297835,False,below model expectation
2017-07-01,Rice (local),2.7 KG,1543.0,17,820.0,723.0,9.525786226616363,True,above model expectation
2017-08-01,Rice (local),2.7 KG,1591.0,18,1361.65365011141,229.3463498885901,2.900076108861676,False,above model expectation
2017-09-01,Rice (local),2.7 KG,1543.0,19,1578.9604083061517,-35.96040830615175,-0.6608125256756747,False,below model expectation
2017-10-01,Rice (local),2.7 KG,1350.0,19,1555.0395916938483,-205.03959169384825,-2.930155932375359,False,below model expectation
2017-11-01,Rice (local),2.7 KG,1157.0,19,1398.4091916023483,-241.4091916023483,-3.4183006590233935,False,below model expectation
2017-12-01,Rice (local),2.7 KG,1157.0,19,1205.4091916023483,-48.4091916023483,-0.8278973419648485,False,below model expectation
2018-01-01,Rice (local),2.7 KG,723.0,30,1157.0,-434.0,-6.003211896890045,True,below model expectation
2018-02-01,Rice (local),2.7 KG,1157.0,20,831.8579748985452,325.1420251014548,4.185824475863063,True,above model expectation
2018-03-01,Rice (local),2.7 KG,1157.0,20,1048.142025101455,108.85797489854508,1.282907786368378,False,above model expectation
2018-04-01,Rice (local),2.7 KG,1157.0,20,1157.0,0.0,-0.178159878219534,False,below model expectation
2018-05-01,Rice (local),2.7 KG,1157.0,20,1157.0,0.0,-0.178159878219534,False,below model expectation
2018-06-01,Rice (local),2.7 KG,771.0,19,1157.0,-386.0,-5.358966512336624,True,below model expectation
2018-07-01,Rice (local),2.7 KG,675.0,20,867.8183832046968,-192.81838320469683,-2.7661255748170075,False,below model expectation
2018-08-01,Rice (local),2.7 KG,675.0,19,699.0791833876966,-24.079183387696617,-0.5013453524140953,False,below model expectation
2018-09-01,Rice (local),2.7 KG,694.5,20,675.0,19.5,0.08356480925529311,False,above model expectation
2018-10-01,Rice (local),2.7 KG,723.0,21,689.6089158743741,33.391084125625866,0.27000786830482965,False,above model expectation
2018-11-01,Rice (local),2.7 KG,675.0,21,715.8514924317776,-40.851492431777615,-0.7264595751214448,False,below model expectation
2018-12-01,Rice (local),2.7 KG,675.0,21,687.0395916938484,-12.039591693848365,-0.33975261531681544,False,below model expectation
2019-01-01,Rice (local),2.7 KG,675.0,26,675.0,0.0,-0.178159878219534,False,below model expectation
2019-02-01,Rice (local),2.7 KG,654.0,32,675.0,-21.0,-0.46001723396165556,False,below model expectation
2019-03-01,Rice (local),2.7 KG,675.0,32,659.2673213660586,15.732678633941418,0.03300065504252793,False,above model expectation
2019-04-01,Rice (local),2.7 KG,675.0,32,669.7326786339413,5.267321366058695,-0.1074630557394729,False,above model expectation
2019-05-01,Rice (local),2.7 KG,675.0,27,675.0,0.0,-0.178159878219534,False,below model expectation
2019-06-01,Rice (local),2.7 KG,675.0,27,675.0,0.0,-0.178159878219534,False,below model expectation
2019-07-01,Rice (local),2.7 KG,675.0,19,675.0,0.0,-0.178159878219534,False,below model expectation
2019-08-01,Rice (local),2.7 KG,664.5,32,675.0,-10.5,-0.3190885560905947,False,below model expectation
2019-09-01,Rice (local),2.7 KG,683.0,31,667.1336606830293,15.866339316970652,0.03479461917039963,False,above model expectation
2019-10-01,Rice (local),2.7 KG,716.0,32,678.3597407013293,37.640259298670685,0.32703935775051934,False,above model expectation
2019-11-01,Rice (local),2.7 KG,750.0,20,707.7227807104792,42.27721928952076,0.3892756092601866,False,above model expectation
2019-12-01,Rice (local),2.7 KG,723.0,19,741.4719558835241,-18.47195588352406,-0.4260863849202585,False,below model expectation
2020-01-01,Rice (local),2.7 KG,709.5,32,729.7722703277897,-20.27227032778967,-0.4502498072424038,False,below model expectation
2020-02-01,Rice (local),2.7 KG,691.0,32,712.8861351638949,-21.88613516389489,-0.47191074415810913,False,below model expectation
2020-03-01,Rice (local),2.7 KG,771.0,21,695.6402592986707,75.35974070132932,0.8333018952799236,False,above model expectation
2020-04-01,Rice (local),2.7 KG,829.0,23,750.9340138435862,78.06598615641383,0.8696245232779833,False,above model expectation
2020-05-01,Rice (local),2.7 KG,908.6949999999999,32,814.4521600365999,94.2428399634,1.0867466774810308,False,above model expectation
2020-06-01,Rice (local),2.7 KG,940.0,33,888.7055154158074,51.29448458419256,0.5103033498307293,False,above model expectation
2020-07-01,Rice (local),2.7 KG,993.0,29,932.1479287921683,60.85207120783173,0.6385831637838344,False,above model expectation
2020-08-01,Rice (local),2.7 KG,1080.32,33,979.7062841713758,100.6137158286241,1.1722551643921433,False,above model expectation
2020-09-01,Rice (local),2.7 KG,1109.0,33,1058.4179761102741,50.58202388972586,0.5007408599539399,False,above model expectation
2020-10-01,Rice (local),2.7 KG,804.0,33,1101.8063439629257,-297.80634396292567,-4.175250765487102,True,below model expectation
2020-11-01,Rice (local),2.7 KG,943.0,33,880.5015722213278,62.49842777867218,0.6606801975774419,False,above model expectation
2020-12-01,Rice (local),2.7 KG,964.0,33,908.1353490532309,55.864650946769075,0.571643112033463,False,above model expectation
2021-01-01,Rice (local),2.7 KG,964.0,33,958.7326786339413,5.267321366058695,-0.1074630557394729,False,above model expectation
2021-02-01,Rice (local),2.7 KG,988.75,33,964.0,24.75,0.1540291481908235,False,above model expectation
2021-03-01,Rice (local),2.7 KG,1089.48,34,982.5420855328595,106.93791446714056,1.2571371598892944,False,above model expectation
2021-04-01,Rice (local),2.7 KG,1100.335,24,1064.2144151808054,36.12058481919462,0.30664262297080935,False,above model expectation
2021-05-01,Rice (local),2.7 KG,1136.0,34,1097.6122965034017,38.387703496598306,0.3370713884739798,False,above model expectation
2021-06-01,Rice (local),2.7 KG,1157.0,32,1127.0543325466438,29.945667453356236,0.22376424770122308,False,above model expectation
2021-07-01,Rice (local),2.7 KG,1157.0,32,1151.7326786339413,5.267321366058695,-0.1074630557394729,False,above model expectation
2021-08-01,Rice (local),2.7 KG,1157.0,32,1157.0,0.0,-0.178159878219534,False,below model expectation
2021-09-01,Rice (local),2.7 KG,1125.5,32,1157.0,-31.5,-0.6009459118327163,False,below model expectation
2021-10-01,Rice (local),2.7 KG,1061.0,32,1133.400982049088,-72.40098204908804,-1.1499098474332845,False,below model expectation
2021-11-01,Rice (local),2.7 KG,1092.0,32,1077.1782013386087,14.821798661391313,0.02077502549674559,False,above model expectation
2021-12-01,Rice (local),2.7 KG,1061.0,32,1084.2244303643897,-23.22443036438972,-0.4898730463682922,False,below model expectation
2022-01-01,Rice (local),2.7 KG,1157.0,32,1068.7755696356103,88.22443036438972,1.0059689148453146,False,above model expectation
2022-02-01,Rice (local),2.7 KG,1180.5,32,1132.9208166123033,47.57918338769673,0.4604373988293077,False,above model expectation
2022-03-01,Rice (local),2.7 KG,1203.725,32,1174.6056165665534,29.1193834334465,0.21267404632295028,False,above model expectation
2022-04-01,Rice (local),2.7 KG,1249.0,32,1197.8995933939661,51.10040660603386,0.5076984781292251,False,above model expectation
2022-05-01,Rice (local),2.7 KG,1254.0,32,1237.6439059596046,16.35609404039542,0.04136799875643386,False,above model expectation
2022-06-01,Rice (local),2.7 KG,1237.565,16,1252.7458758652242,-15.180875865224152,-0.3819142367538897,False,below model expectation
2022-07-01,Rice (local),2.7 KG,1260.42,16,1241.6873060310083,18.732693968991725,0.07326619740077052,False,above model expectation
2022-08-01,Rice (local),2.7 KG,1259.79,16,1254.6873985799396,5.1026014200604095,-0.10967389042599966,False,above model expectation
2022-09-01,Rice (local),2.7 KG,1303.18,16,1259.9480196409818,43.23198035901828,0.40209020118466715,False,above model expectation
2022-10-01,Rice (local),2.7 KG,1335.645,16,1292.296710758415,43.34828924158501,0.40365127328417094,False,above model expectation
2022-11-01,Rice (local),2.7 KG,1440.165,16,1327.5019719929003,112.66302800709968,1.3339783676843562,False,above model expectation
2022-12-01,Rice (local),2.7 KG,1391.95,16,1413.9487890866453,-21.998789086645274,-0.473422760195271,False,below model expectation
2023-01-01,Rice (local),2.7 KG,1397.0,15,1404.0435190316437,-7.043519031643655,-0.2726964329518382,False,below model expectation
2023-02-01,Rice (local),2.7 KG,1630.5,16,1395.7333346238763,234.76666537612368,2.972826384604737,False,above model expectation
2023-03-01,Rice (local),2.7 KG,1728.0,16,1571.9324029059671,156.06759709403286,1.9165448948257473,False,above model expectation
2023-04-01,Rice (local),2.7 KG,1775.5,16,1703.5445793718707,71.95542062812933,0.7876098641403058,False,above model expectation
2023-05-01,Rice (local),2.7 KG,1901.5,16,1763.5858207196293,137.91417928037072,1.672893735652379,False,above model expectation
2023-06-01,Rice (local),2.7 KG,1920.0,30,1869.8960718036483,50.10392819635172,0.4943239652907907,False,above model expectation
2023-07-01,Rice (local),2.7 KG,1987.77,26,1915.3597407013294,72.41025929867055,0.7937146081864015,False,above model expectation
2023-08-01,Rice (local),2.7 KG,2196.77,25,1970.771601477248,225.99839852275204,2.8551406460460407,False,above model expectation
2023-09-01,Rice (local),2.7 KG,2286.295,28,2144.347611166369,141.94738883363107,1.7270265823112276,False,above model expectation
2023-10-01,Rice (local),2.7 KG,2173.91,31,2263.8399073668384,-89.9299073668385,-1.3851792064362498,False,below model expectation
2023-11-01,Rice (local),2.7 KG,2286.84,21,2202.098948177357,84.74105182264293,0.959215778425048,False,above model expectation
2023-12-01,Rice (local),2.7 KG,2225.0,8,2258.5143522919525,-33.51435229195249,-0.6279821028109454,False,below model expectation
2024-01-01,Rice (local),2.7 KG,2575.0,25,2240.5110072989078,334.48899270109223,4.3112774078554965,True,above model expectation
2024-02-01,Rice (local),2.7 KG,3001.725,20,2487.2113105656895,514.5136894343104,6.727529074022268,True,above model expectation
2024-03-01,Rice (local),2.7 KG,3350.0,19,2894.691775717554,455.3082242824462,5.932886414346708,True,above model expectation
2024-04-01,Rice (local),2.7 KG,3385.0,11,3262.6439833921872,122.35601660781276,1.4640755170289044,False,above model expectation
2024-05-01,Rice (local),2.7 KG,3416.13,19,3376.221131056569,39.908868943431116,0.3574881346878169,False,above model expectation
2024-06-01,Rice (local),2.7 KG,3583.6949999999997,20,3408.3218231368855,175.37317686311417,2.1756601169582166,False,above model expectation
2024-07-01,Rice (local),2.7 KG,4048.39,5,3541.665537871256,506.72446212874365,6.622983787754585,True,above model expectation
2024-08-01,Rice (local),2.7 KG,4400.0,10,3931.8329570380656,468.1670429619344,6.10547463486899,True,above model expectation
2024-09-01,Rice (local),2.7 KG,4550.0,32,4311.807482594291,238.1925174057087,3.018807412901052,False,above model expectation
2024-10-01,Rice (local),2.7 KG,4500.0,33,4512.376275956724,-12.376275956724385,-0.344271517033683,False,below model expectation
2024-11-01,Rice (local),2.7 KG,4108.6849999999995,26,4512.541241347759,-403.85624134775935,-5.5986290347067476,True,below model expectation
2024-12-01,Rice (local),2.7 KG,4100.0,30,4206.8365171599635,-106.83651715996348,-1.612095984095967,False,below model expectation
2025-01-01,Rice (local),2.7 KG,4000.0,33,4102.178413622106,-102.17841362210584,-1.5495759485743683,False,below model expectation
2025-02-01,Rice (local),2.7 KG,4000.0,25,4025.0824826955172,-25.08248269551723,-0.5148114138388676,False,below model expectation
2025-03-01,Rice (local),2.7 KG,3900.0,17,4000.0,-100.0,-1.520337762705827,False,below model expectation
2025-04-01,Rice (local),2.7 KG,4000.0,21,3925.0824826955172,74.91751730448277,0.8273664706474252,False,above model expectation
2025-05-01,Rice (local),2.7 KG,3579.17,31,3974.9175173044828,-395.7475173044827,-5.489795533883866,True,below model expectation
2025-06-01,Rice (local),2.7 KG,3400.0,27,3684.7246119275455,-284.72461192754554,-3.999670651200472,True,below model expectation
2025-07-01,Rice (local),2.7 KG,3058.06,19,3444.9402842455584,-386.8802842455584,-5.370781492801126,True,below model expectation
2025-08-01,Rice (local),2.7 KG,3032.26,24,3143.827041329052,-111.56704132905179,-1.6755880333137494,False,below model expectation
2025-09-01,Rice (local),2.7 KG,3000.0,33,3038.7312805354436,-38.7312805354436,-0.6980025599446023,False,below model expectation
2025-10-01,Rice (local),2.7 KG,2668.75,37,3008.091608917574,-339.3416089175739,-4.732727905971177,True,below model expectation
2025-11-01,Rice (local),2.7 KG,2486.665,38,2751.835723928901,-265.1707239289012,-3.7372226909254485,True,below model expectation
2025-12-01,Rice (local),2.7 KG,2218.75,34,2532.336438616133,-313.5864386161329,-4.387047706073454,True,below model expectation
2026-01-01,Rice (local),2.7 KG,2200.0,33,2285.9497335136953,-85.94973351369526,-1.3317581932152553,False,below model expectation
2026-02-01,Rice (local),2.7 KG,2309.26,28,2204.7029655054093,104.55703449459088,1.2251815154415693,False,above model expectation
2026-03-01,Rice (local),2.7 KG,2411.29,27,2281.854879406878,129.43512059312206,1.5590896851395137,False,above model expectation
2026-04-01,Rice (local),2.7 KG,2560.0,13,2385.6983429057636,174.30165709423636,2.1612784155924403,False,above model expectation
2026-05-01,Rice (local),2.7 KG,2887.5,18,2522.699839983496,364.8001600165039,4.71810719209259,True,above model expectation
2026-06-01,Rice (local),2.7 KG,2900.0,16,2805.3548691721808,94.64513082781923,1.0921461364945744,False,above model expectation
2026-07-01,Rice (local),2.7 KG,2200.0,1,2896.8646896630603,-696.8646896630603,-9.531323627671167,True,below model expectation
2023-03-01,Beans (red),2.5 KG,962.5,16,967.8203104935321,-5.3203104935321335,-0.08659281262875218,False,below model expectation
2023-04-01,Beans (red),2.5 KG,1189.5,16,984.4560803075111,205.04391969248888,0.7319567307125078,False,above model expectation
2023-05-01,Beans (red),2.5 KG,1225.0,16,1247.6728543935874,-22.672854393587386,-0.15411340238224375,False,below model expectation
2023-06-01,Beans (red),2.5 KG,1203.0,30,1259.6565025518505,-56.65650255185051,-0.28634738368418855,False,below model expectation
2023-07-01,Beans (red),2.5 KG,1369.355,26,1214.8129796356368,154.54202036436322,0.5354484812047426,False,above model expectation
2023-08-01,Beans (red),2.5 KG,1425.93,25,1408.9962752717504,16.933724728249672,0.0,False,above model expectation
2023-09-01,Beans (red),2.5 KG,1488.15,28,1456.1997699834856,31.950230016514524,0.05843081561642608,False,above model expectation
2023-10-01,Beans (red),2.5 KG,1681.65,31,1515.1580575941525,166.49194240584757,0.5819468959845319,False,above model expectation
2023-11-01,Beans (red),2.5 KG,1753.85,21,1734.0008296258316,19.849170374168352,0.011344308393079568,False,above model expectation
2023-12-01,Beans (red),2.5 KG,1800.0,8,1793.3096329649811,6.69036703501888,-0.03985799180146179,False,above model expectation
2024-01-01,Beans (red),2.5 KG,2225.0,25,1828.0493122047242,396.9506877952758,1.4786863303964746,False,above model expectation
2024-02-01,Beans (red),2.5 KG,2515.52,19,2325.242249348428,190.2777506515722,0.6745,False,above model expectation
2024-03-01,Beans (red),2.5 KG,3000.0,18,2622.256022494291,377.74397750570915,1.403950982458708,False,above model expectation
2024-04-01,Beans (red),2.5 KG,3347.83,11,3149.511198892339,198.31880110766087,0.7057885806346216,False,above model expectation
2024-05-01,Beans (red),2.5 KG,3698.39,19,3489.524163195999,208.865836804001,0.7468282157722538,False,above model expectation
2024-06-01,Beans (red),2.5 KG,5000.0,20,3836.95846913711,1163.0415308628899,4.459627097733196,True,above model expectation
2024-07-01,Beans (red),2.5 KG,5329.41,5,5331.82718078948,-2.4171807894799713,-0.07529642687243333,False,below model expectation
2024-08-01,Beans (red),2.5 KG,5302.325,10,5553.2698970467345,-250.9448970467347,-1.0423441443961343,False,below model expectation
2024-09-01,Beans (red),2.5 KG,6000.0,32,5402.298868435951,597.7011315640493,2.2598276105807344,False,above model expectation
2024-10-01,Beans (red),2.5 KG,4429.03,33,6189.976457839299,-1760.946457839299,-6.917920457623732,True,below model expectation
2024-11-01,Beans (red),2.5 KG,4018.52,25,4196.91454550559,-178.39454550558958,-0.7600430275630194,False,below model expectation
2024-12-01,Beans (red),2.5 KG,3413.33,31,3825.0550761025115,-411.7250761025116,-1.6679568829689184,False,below model expectation
2025-01-01,Beans (red),2.5 KG,3200.0,33,3198.221907034395,1.778092965605083,-0.05897217149223021,False,above model expectation
2025-02-01,Beans (red),2.5 KG,3200.0,25,3054.9252975507643,145.0747024492357,0.4986101425326145,False,above model expectation
2025-03-01,Beans (red),2.5 KG,2847.83,17,3131.616907045751,-283.7869070457509,-1.1701358904707015,False,below model expectation
2025-04-01,Beans (red),2.5 KG,2835.185,20,2743.488125943773,91.69687405622699,0.2909113478420482,False,above model expectation
2025-05-01,Beans (red),2.5 KG,2851.855,30,2783.41279984225,68.44220015775,0.20042494393528187,False,above model expectation
2025-06-01,Beans (red),2.5 KG,2552.3900000000003,26,2830.864675166356,-278.4746751663556,-1.1494654324980853,False,below model expectation
2025-07-01,Beans (red),2.5 KG,2677.42,19,2481.1790054470353,196.24099455296482,0.6977036148350939,False,above model expectation
2025-08-01,Beans (red),2.5 KG,2533.335,24,2669.4541439991754,-136.11914399917532,-0.5955449540690432,False,below model expectation
2025-09-01,Beans (red),2.5 KG,2495.65,32,2500.078081210867,-4.4280812108668215,-0.08312105380722833,False,below model expectation
2025-10-01,Beans (red),2.5 KG,2163.71,36,2472.2576779242713,-308.5476779242713,-1.2664826775526494,False,below model expectation
2025-11-01,Beans (red),2.5 KG,2000.0,38,2084.7173765861785,-84.71737658617849,-0.39553522234974764,False,below model expectation
2025-12-01,Beans (red),2.5 KG,1654.045,34,1929.2452576428398,-275.2002576428397,-1.1367243264354603,False,below model expectation
2026-01-01,Beans (red),2.5 KG,1500.0,33,1549.8577652331237,-49.8577652331237,-0.25989277530033983,False,below model expectation
2026-02-01,Beans (red),2.5 KG,2291.07,27,1419.3483624840653,871.7216375159348,3.3260704780811325,False,above model expectation
2026-03-01,Beans (red),2.5 KG,2462.5,26,2415.0290458531745,47.470954146825534,0.11882360025456262,False,above model expectation
2026-04-01,Beans (red),2.5 KG,2350.0,13,2556.031033444587,-206.03103344458714,-0.8675795348961275,False,below model expectation
2026-05-01,Beans (red),2.5 KG,2395.16,18,2371.052311994368,24.107688005631644,0.02791465240766108,False,above model expectation
2026-06-01,Beans (red),2.5 KG,2650.0,15,2414.3300434468038,235.66995655319624,0.8511258901485803,False,above model expectation
2026-07-01,Beans (red),2.5 KG,2500.0,1,2711.215795177115,-211.21579517711507,-0.8877539930002505,False,below model expectation
2014-08-01,Yam,2.5 KG,279.0,3,432.000006713441,-153.000006713441,-2.7961205119807566,False,below model expectation
2014-09-01,Yam,2.5 KG,254.0,3,278.9978565505169,-24.99785655051687,-0.6128707683057666,False,below model expectation
2014-10-01,Yam,2.5 KG,236.0,2,241.87757092405312,-5.877570924053117,-0.2867484442679564,False,below model expectation
2014-11-01,Yam,2.5 KG,203.0,3,221.95834411127487,-18.95834411127487,-0.5098587175854165,False,below model expectation
2014-12-01,Yam,2.5 KG,198.0,3,184.2916060130596,13.708393986940393,0.04731666961588587,False,above model expectation
2015-01-01,Yam,2.5 KG,205.0,5,181.99949529529593,23.00050470470407,0.20580618183841815,False,above model expectation
2015-02-01,Yam,2.5 KG,255.0,5,192.79350913787707,62.20649086212293,0.8745172864547137,False,above model expectation
2015-03-01,Yam,2.5 KG,247.0,5,251.601876137832,-4.601876137831994,-0.2649897448126756,False,below model expectation
2015-04-01,Yam,2.5 KG,217.0,5,243.03106935849652,-26.031069358496524,-0.6304936097604774,False,below model expectation
2015-05-01,Yam,2.5 KG,254.0,5,210.15847322855737,43.84152677144263,0.5612779924854802,False,above model expectation
2015-06-01,Yam,2.5 KG,319.0,3,251.51577758878057,67.48422241121943,0.9645361340841021,False,above model expectation
2015-07-01,Yam,2.5 KG,350.0,3,322.6166999840252,27.383300015974783,0.28056068188183475,False,above model expectation
2015-08-01,Yam,2.5 KG,366.5,4,355.8871099516432,10.612890048356803,-0.005481335510242686,False,above model expectation
2015-09-01,Yam,2.5 KG,365.0,5,373.1997034618576,-8.19970346185761,-0.32635555447265263,False,below model expectation
2015-10-01,Yam,2.5 KG,350.0,5,371.1165100213546,-21.1165100213546,-0.5466691552537866,False,below model expectation
2015-11-01,Yam,2.5 KG,292.0,5,354.7142969796586,-62.71429697965863,-1.2561756565005888,False,below model expectation
2015-12-01,Yam,2.5 KG,291.5,4,292.80899066363577,-1.3089906636357682,-0.20882513071565117,False,below model expectation
2016-01-01,Yam,2.5 KG,336.0,7,292.2322528883313,43.76774711166871,0.5600195806300168,False,above model expectation
2016-02-01,Yam,2.5 KG,267.5,4,339.15610518642455,-71.65610518642455,-1.4086902857514594,False,below model expectation
2016-03-01,Yam,2.5 KG,331.0,7,266.8958395461352,64.10416045386478,0.9068846071948481,False,above model expectation
2016-04-01,Yam,2.5 KG,372.5,6,333.59225028464266,38.90774971535734,0.4771257537977916,False,above model expectation
2016-05-01,Yam,2.5 KG,397.5,4,376.94026192911895,20.559738070881053,0.16417560672009437,False,above model expectation
2016-06-01,Yam,2.5 KG,294.0,12,402.872569736411,-108.87256973641098,-2.0434674093062335,False,below model expectation
2016-07-01,Yam,2.5 KG,313.0,11,294.6494671513208,18.350532848679222,0.12649462457285346,False,above model expectation
2016-08-01,Yam,2.5 KG,303.5,10,314.41249942258503,-10.912499422585029,-0.37262595757417966,False,below model expectation
2016-09-01,Yam,2.5 KG,264.5,10,304.4768317198348,-39.97683171983482,-0.8683574430007035,False,below model expectation
2016-10-01,Yam,2.5 KG,220.0,10,263.941970077369,-43.94197007736898,-0.9359882389811118,False,below model expectation
2016-11-01,Yam,2.5 KG,276.0,10,217.81712927212956,58.18287072787044,0.8058890046987348,False,above model expectation
2016-12-01,Yam,2.5 KG,296.0,19,275.89200041149167,20.107999588508335,0.1564705961043115,False,above model expectation
2017-01-01,Yam,2.5 KG,294.0,11,296.58444055577877,-2.5844405557787695,-0.2305796531713065,False,below model expectation
2017-02-01,Yam,2.5 KG,285.0,20,294.49839812834296,-9.498398128342956,-0.3485065479841466,False,below model expectation
2017-03-01,Yam,2.5 KG,338.0,19,285.19233509034643,52.80766490965357,0.7142076016138242,False,above model expectation
2017-04-01,Yam,2.5 KG,368.0,31,339.84096466165533,28.159035338344665,0.2937918966822736,False,above model expectation
2017-05-01,Yam,2.5 KG,403.0,31,370.69354051960124,32.30645948039876,0.36453182318761607,False,above model expectation
2017-06-01,Yam,2.5 KG,441.0,30,406.6430342408355,34.356965759164495,0.3995059802765487,False,above model expectation
2017-07-01,Yam,2.5 KG,484.0,31,445.6240598376768,38.37594016232322,0.46805502280719635,False,above model expectation
2017-08-01,Yam,2.5 KG,550.0,32,489.6895308483333,60.31046915166672,0.8421780725580182,False,above model expectation
2017-09-01,Yam,2.5 KG,403.0,32,557.3189293800243,-154.31892938002431,-2.8186165213843486,False,below model expectation
2017-10-01,Yam,2.5 KG,403.0,31,406.25895811260847,-3.258958112608468,-0.2420844621231742,False,below model expectation
2017-11-01,Yam,2.5 KG,403.0,31,406.1754069657783,-3.1754069657782793,-0.24065938434386672,False,below model expectation
2017-12-01,Yam,2.5 KG,318.0,30,406.0960237880051,-88.09602378800508,-1.6890953260359676,False,below model expectation
2018-01-01,Yam,2.5 KG,368.0,30,318.9471427443815,49.052857255618505,0.6501642801712801,False,above model expectation
2018-02-01,Yam,2.5 KG,331.0,25,370.11531224138815,-39.11531224138815,-0.8536630634289882,False,below model expectation
2018-03-01,Yam,2.5 KG,355.0,31,332.20535657559424,22.794643424405763,0.20229493935638312,False,above model expectation
2018-04-01,Yam,2.5 KG,404.0,31,356.7236470595213,47.276352940478716,0.6198635970520533,False,above model expectation
2018-05-01,Yam,2.5 KG,496.0,33,406.7748244305835,89.22517556941648,1.3353574862994195,False,above model expectation
2018-06-01,Yam,2.5 KG,403.0,19,500.71582576834794,-97.71582576834794,-1.853174055815548,False,below model expectation
2018-07-01,Yam,2.5 KG,640.0,33,405.63509778414345,234.36490221585655,3.810911768743667,True,above model expectation
2018-08-01,Yam,2.5 KG,494.0,33,647.5222057616106,-153.52220576161062,-2.8050273228164535,False,below model expectation
2018-09-01,Yam,2.5 KG,415.0,33,498.3858275748975,-83.38582757489752,-1.608756560930562,False,below model expectation
2018-10-01,Yam,2.5 KG,429.0,33,417.7161652719441,11.283834728055922,0.005962533191249569,False,above model expectation
2018-11-01,Yam,2.5 KG,417.0,33,431.9377023711929,-14.937702371192927,-0.4412812363691249,False,below model expectation
2018-12-01,Yam,2.5 KG,403.0,33,419.65003251863754,-16.650032518637545,-0.4704873422879477,False,below model expectation
2019-01-01,Yam,2.5 KG,407.5,26,405.33539714627915,2.164602853720851,-0.1495782966058553,False,above model expectation
2019-02-01,Yam,2.5 KG,413.0,33,409.8755491962777,3.1244508037223113,-0.1332067920011253,False,above model expectation
2019-03-01,Yam,2.5 KG,444.0,33,415.43245934162803,28.567540658371968,0.30075950725837947,False,above model expectation
2019-04-01,Yam,2.5 KG,484.0,33,446.943575351966,37.05642464803401,0.4455489015843865,False,above model expectation
2019-05-01,Yam,2.5 KG,504.5,26,487.5950234579702,16.90497654202977,0.10183870721565957,False,above model expectation
2019-06-01,Yam,2.5 KG,542.0,26,508.3871256490763,33.612874350923676,0.38681449521754946,False,above model expectation
2019-07-01,Yam,2.5 KG,521.0,26,546.4581564305306,-25.458156430530607,-0.6207218051342457,False,below model expectation
2019-08-01,Yam,2.5 KG,467.0,33,525.0328129204133,-58.032812920413335,-1.1763266160012185,False,below model expectation
2019-09-01,Yam,2.5 KG,413.5,32,470.07899225204875,-56.57899225204875,-1.1515297387806689,False,below model expectation
2019-10-01,Yam,2.5 KG,442.0,33,415.66393997873604,26.33606002126396,0.2626985877911618,False,above model expectation
2019-11-01,Yam,2.5 KG,403.0,33,444.5831703201864,-41.58317032018641,-0.8957557197719063,False,below model expectation
2019-12-01,Yam,2.5 KG,423.0,33,404.9314807412079,18.068519258792094,0.1216845014846846,False,above model expectation
2020-01-01,Yam,2.5 KG,441.0,33,425.21033270206374,15.789667297936262,0.08281560003983339,False,above model expectation
2020-02-01,Yam,2.5 KG,441.0,33,443.4503571806955,-2.450357180695505,-0.2282926799141463,False,below model expectation
2020-03-01,Yam,2.5 KG,528.5,23,443.4136590672757,85.08634093272428,1.2647640654219576,False,above model expectation
2020-04-01,Yam,2.5 KG,607.0,23,532.1694096971256,74.83059030287438,1.0898383715542,False,above model expectation
2020-05-01,Yam,2.5 KG,576.5,32,611.7579551019451,-35.25795510194507,-0.7878706218548989,False,below model expectation
2020-06-01,Yam,2.5 KG,595.65,33,580.7523164909563,14.897683509043645,0.06760161046244485,False,above model expectation
2020-07-01,Yam,2.5 KG,632.0,29,600.1129885373886,31.88701146261144,0.35737757010551124,False,above model expectation
2020-08-01,Yam,2.5 KG,484.0,33,636.907715955197,-152.90771595519698,-2.7945463683118934,False,below model expectation
2020-09-01,Yam,2.5 KG,484.0,33,486.8040058672817,-2.8040058672817167,-0.23432463643485782,False,below model expectation
2020-10-01,Yam,2.5 KG,444.0,33,486.76594365580655,-42.76594365580655,-0.9159295182474122,False,below model expectation
2020-11-01,Yam,2.5 KG,484.0,33,446.19307930417096,37.806920695829035,0.45834962643074284,False,above model expectation
2020-12-01,Yam,2.5 KG,484.0,33,486.69293151063334,-2.6929315106333434,-0.23243011309776726,False,below model expectation
2021-01-01,Yam,2.5 KG,524.0,33,486.6577845236508,37.342215476349224,0.4504234505811781,False,above model expectation
2021-02-01,Yam,2.5 KG,556.0,33,527.1389886447797,28.861011355220285,0.3057650467970098,False,above model expectation
2021-03-01,Yam,2.5 KG,551.0,34,559.5062535120283,-8.506253512028252,-0.3315841800668848,False,below model expectation
2021-04-01,Yam,2.5 KG,621.185,24,554.3993443146494,66.78565568535055,0.9526211340372132,False,above model expectation
2021-05-01,Yam,2.5 KG,645.0,34,625.4135026066878,19.586497393312243,0.14757567103829805,False,above model expectation
2021-06-01,Yam,2.5 KG,647.735,32,649.4687482260688,-1.7337482260687693,-0.2160699452607624,False,below model expectation
2021-07-01,Yam,2.5 KG,667.2,31,652.1827349141078,15.01726508589229,0.06964123594272585,False,above model expectation
2021-08-01,Yam,2.5 KG,680.5,32,671.8276107795964,8.672389220403602,-0.03857920089639043,False,above model expectation
2021-09-01,Yam,2.5 KG,635.0,32,685.2302838816635,-50.23028388166347,-1.0432439333885832,False,below model expectation
2021-10-01,Yam,2.5 KG,609.0,32,639.1424152422175,-30.142415242217453,-0.70061817278827,False,below model expectation
2021-11-01,Yam,2.5 KG,590.0,32,612.7936373705246,-22.793637370524607,-0.5752748298500742,False,below model expectation
2021-12-01,Yam,2.5 KG,622.0,32,593.5328426105364,28.467157389463637,0.29904733487819357,False,above model expectation
2022-01-01,Yam,2.5 KG,578.5,32,625.8549498774365,-47.354949877436525,-0.9942012241862908,False,below model expectation
2022-02-01,Yam,2.5 KG,606.0,32,581.8249831717517,24.175016828248317,0.22583907417192428,False,above model expectation
2022-03-01,Yam,2.5 KG,634.1949999999999,32,609.5926109301671,24.60238906983284,0.23312848560529156,False,above model expectation
2022-04-01,Yam,2.5 KG,593.835,32,638.0570595918556,-44.222059591855555,-0.9407655443617677,False,below model expectation
2022-05-01,Yam,2.5 KG,740.5,32,597.2178514704148,143.28214852958524,2.2573722509648246,False,above model expectation
2022-06-01,Yam,2.5 KG,822.73,16,745.4192883655919,77.31071163440811,1.1321401942537552,False,above model expectation
2022-07-01,Yam,2.5 KG,825.6300000000001,16,828.4697337432485,-2.8397337432484164,-0.23493402366739308,False,below model expectation
2022-08-01,Yam,2.5 KG,737.1700000000001,16,831.3399057609915,-94.16990576099147,-1.7926935956256271,False,below model expectation
2022-09-01,Yam,2.5 KG,708.515,16,741.9007708415568,-33.38577084155679,-0.755937987899903,False,below model expectation
2022-10-01,Yam,2.5 KG,714.65,16,712.9021156631294,1.7478843368705839,-0.1566859943589005,False,above model expectation
2022-11-01,Yam,2.5 KG,742.235,16,719.0549292448852,23.180070755114798,0.20886892362074724,False,above model expectation
2022-12-01,Yam,2.5 KG,743.3050000000001,16,746.873853621963,-3.568853621962944,-0.2473701490472065,False,below model expectation
2023-01-01,Yam,2.5 KG,825.0,16,747.9081875049519,77.09181249504809,1.1284065734568378,False,above model expectation
2023-02-01,Yam,2.5 KG,645.0,16,830.3662235825244,-185.3662235825244,-3.3481701032822566,False,below model expectation
2023-03-01,Yam,2.5 KG,705.5,16,648.5489527268551,56.95104727314492,0.7848785901208607,False,above model expectation
2023-04-01,Yam,2.5 KG,726.0,16,709.6020286248214,16.3979713751786,0.09319104856960711,False,above model expectation
2023-05-01,Yam,2.5 KG,693.0,16,730.2597926703063,-37.2597926703063,-0.8220146682825621,False,below model expectation
2023-06-01,Yam,2.5 KG,1000.0,30,696.904625014931,303.09537498506904,4.983202912799056,True,above model expectation
2023-07-01,Yam,2.5 KG,1390.32,25,1006.767397147295,383.5526028527049,6.355509720889657,True,above model expectation
2023-08-01,Yam,2.5 KG,1562.9,23,1400.6773241472781,162.22267585272198,2.5804285540868714,False,above model expectation
2023-09-01,Yam,2.5 KG,1500.0,27,1574.7620710954498,-74.76207109544976,-1.461666733929177,False,below model expectation
2023-10-01,Yam,2.5 KG,1504.55,31,1511.1747466385932,-6.624746638593251,-0.29949253634120365,False,below model expectation
2023-11-01,Yam,2.5 KG,1526.92,21,1515.664377499153,11.25562250084704,0.005481335510242686,False,above model expectation
2023-12-01,Yam,2.5 KG,1519.12,8,1538.1360530419804,-19.016053041980513,-0.5108430214272698,False,below model expectation
2024-01-01,Yam,2.5 KG,1919.355,24,1530.1657572036838,389.1892427963162,6.451650236470169,True,above model expectation
2024-02-01,Yam,2.5 KG,1837.0700000000002,20,1933.8562974172562,-96.78629741725604,-1.8373196929655726,False,below model expectation
2024-03-01,Yam,2.5 KG,2000.0,19,1850.7192286045456,149.2807713954544,2.3596868747242086,False,above model expectation
2024-04-01,Yam,2.5 KG,2410.0,10,2014.952407255137,395.0475927448631,6.5515723159605805,True,above model expectation
2024-05-01,Yam,2.5 KG,2879.84,18,2428.3723737940545,451.46762620594563,7.51389227258051,True,above model expectation
2024-06-01,Yam,2.5 KG,3000.0,19,2902.0885535713546,97.91144642864538,1.4835135805741237,False,above model expectation
2024-07-01,Yam,2.5 KG,3361.29,5,3023.082326133662,338.20767386633815,5.5820906458160175,True,above model expectation
2024-08-01,Yam,2.5 KG,3625.0,10,3387.229034307258,237.7709656927418,3.8690067867053606,True,above model expectation
2024-09-01,Yam,2.5 KG,3000.0,31,3652.9312688762934,-652.9312688762934,-11.323124148895506,True,below model expectation
2024-10-01,Yam,2.5 KG,3435.48,31,3022.504031788856,412.97596821114394,6.857365000625999,True,above model expectation
2024-11-01,Yam,2.5 KG,3000.0,25,3461.38964832014,-461.38964832014017,-8.056122825479918,True,below model expectation
2024-12-01,Yam,2.5 KG,3130.435,30,3022.134552843627,108.30044715637314,1.6607120350296232,False,above model expectation
2025-01-01,Yam,2.5 KG,3056.45,32,3153.4487949934246,-96.99879499342478,-1.8409441264466622,False,below model expectation
2025-02-01,Yam,2.5 KG,3446.43,23,3078.682362757447,367.7476372425526,6.085934662398556,True,above model expectation
2025-03-01,Yam,2.5 KG,3500.0,15,3471.6023791189573,28.397620881042712,0.29786129570625147,False,above model expectation
2025-04-01,Yam,2.5 KG,2815.74,18,3525.3976911561585,-709.6576911561588,-12.290669981090344,True,below model expectation
2025-05-01,Yam,2.5 KG,3500.0,26,2835.549371731556,664.4506282684438,11.146605348636047,True,above model expectation
2025-06-01,Yam,2.5 KG,3173.91,25,3525.0027717504345,-351.0927717504346,-6.17486046236759,True,below model expectation
2025-07-01,Yam,2.5 KG,3659.09,16,3196.188852823798,462.90114717620236,7.708906432075823,True,above model expectation
2025-08-01,Yam,2.5 KG,3000.0,21,3684.9339376240487,-684.9339376240487,-11.868972935431671,True,below model expectation
2025-09-01,Yam,2.5 KG,3000.0,30,3020.6071457070984,-20.607145707098425,-0.5379812581589214,False,below model expectation
2025-10-01,Yam,2.5 KG,2956.45,33,3020.4507247888973,-64.00072478889751,-1.2781174221756368,False,below model expectation
2025-11-01,Yam,2.5 KG,3000.0,36,2976.4183915348945,23.581608465105546,0.21571769218672301,False,above model expectation
2025-12-01,Yam,2.5 KG,2562.5,32,3020.1448512891566,-457.6448512891566,-7.992250248748954,True,below model expectation
2026-01-01,Yam,2.5 KG,2912.5,31,2579.244412047723,333.255587952277,5.49762612480001,True,above model expectation
2026-02-01,Yam,2.5 KG,2785.71,27,2931.703318403843,-145.99331840384275,-2.6766119690658905,False,below model expectation
2026-03-01,Yam,2.5 KG,2855.75,26,2803.843575970481,51.9064240295188,0.6988357198287198,False,above model expectation
2026-04-01,Yam,2.5 KG,2833.33,13,2874.2612979899613,-40.93129798996142,-0.884637155778559,False,below model expectation
2026-05-01,Yam,2.5 KG,3237.5,17,2851.5454731797295,385.95452682027053,6.396477781815507,True,above model expectation
2026-06-01,Yam,2.5 KG,3262.5,14,3258.4860214630694,4.013978536930608,-0.11803469377428374,False,above model expectation
2026-07-01,Yam,2.5 KG,3000.0,1,3283.514641978509,-283.5146419785092,-5.022224086222353,True,below model expectation
2020-02-01,Gari (white),KG,152.63,15,223.8752611869916,-71.2452611869916,-4.094496802371411,True,below model expectation
2020-03-01,Gari (white),KG,180.34,14,156.03064589588465,24.309354104115357,1.4469461470034084,False,above model expectation
2020-04-01,Gari (white),KG,202.1,15,196.18023828267573,5.919761717324263,0.38048926511227904,False,above model expectation
2020-05-01,Gari (white),KG,219.38,13,220.06532255268675,-0.6853225526867561,-0.002555526042727773,False,below model expectation
2020-06-01,Gari (white),KG,224.71,14,237.14698445420734,-12.436984454207334,-0.6840627854171325,False,below model expectation
2020-07-01,Gari (white),KG,251.29,14,239.33725429664833,11.952745703351667,0.730356578911973,False,above model expectation
2020-08-01,Gari (white),KG,261.01,14,268.68086598470734,-7.670865984707348,-0.40766406298772173,False,below model expectation
2020-09-01,Gari (white),KG,283.78999999999996,14,276.7251677150851,7.064832284914871,0.4468946732025165,False,above model expectation
2020-10-01,Gari (white),KG,280.08,14,300.9928518507835,-20.91285185078351,-1.17559880888919,False,below model expectation
2020-11-01,Gari (white),KG,288.355,14,292.9823641908341,-4.6273641908341006,-0.23116404249485348,False,below model expectation
2020-12-01,Gari (white),KG,284.77,14,300.3202737453071,-15.550273745307095,-0.8646099514432879,False,below model expectation
2021-01-01,Gari (white),KG,293.02,14,293.6171894400263,-0.5971894400263409,0.002555526042727773,False,below model expectation
2021-02-01,Gari (white),KG,297.325,14,301.7482056313573,-4.423205631357291,-0.2193243944933343,False,below model expectation
2021-03-01,Gari (white),KG,321.37,15,305.1755525255069,16.19444747449313,0.9763431102944098,False,above model expectation
2021-04-01,Gari (white),KG,348.25,15,332.42532436992985,15.824675630070146,0.9548991478660898,False,above model expectation
2021-05-01,Gari (white),KG,350.0,15,362.431554162364,-12.431554162364023,-0.6837478696764695,False,below model expectation
2021-06-01,Gari (white),KG,378.33,15,361.72836496565327,16.601635034346714,0.9999569004368286,False,above model expectation
2021-07-01,Gari (white),KG,390.06,15,393.3321231314902,-3.2721231314902184,-0.15257033992878438,False,below model expectation
2021-08-01,Gari (white),KG,383.15,15,404.41717392713036,-21.267173927130386,-1.1961468019484323,False,below model expectation
2021-09-01,Gari (white),KG,377.52,15,393.31656860283795,-15.796568602837965,-0.8788931851476336,False,below model expectation
2021-10-01,Gari (white),KG,375.49,15,384.5745183041402,-9.084518304140204,-0.4896451756165915,False,below model expectation
2021-11-01,Gari (white),KG,363.64,15,380.755016487998,-17.11501648799799,-0.9553531626702277,False,below model expectation
2021-12-01,Gari (white),KG,332.41,15,365.5339059989812,-33.12390599898117,-1.8837473342934012,False,below model expectation
2022-01-01,Gari (white),KG,338.61,15,327.77989159445,10.830108405549993,0.6652521303235304,False,above model expectation
2022-02-01,Gari (white),KG,338.61,15,336.1128961934142,2.4971038065858124,0.18200106556480308,False,above model expectation
2022-03-01,Gari (white),KG,340.65,15,336.6046936871152,4.045306312884804,0.2717850685310463,False,above model expectation
2022-04-01,Gari (white),KG,347.22,15,339.4413942904927,7.778605709507303,0.4882881181879725,False,above model expectation
2022-05-01,Gari (white),KG,347.22,15,347.5433338634519,-0.32333386345186454,0.018437072416310873,False,below model expectation
2022-06-01,Gari (white),KG,353.55,15,347.4796559856569,6.070344014343107,0.3892218962423779,False,above model expectation
2022-07-01,Gari (white),KG,369.6,15,355.0051546335279,14.5948453664721,0.8835783202704662,False,above model expectation
2022-08-01,Gari (white),KG,353.78,15,373.9294688895746,-20.14946888957462,-1.1313283870453423,False,below model expectation
2022-09-01,Gari (white),KG,356.37,15,354.14123111403705,2.2287688859629498,0.1664396753647946,False,above model expectation
2022-10-01,Gari (white),KG,335.71,15,357.1701645753944,-21.4601645753944,-1.2073387958030446,False,below model expectation
2022-11-01,Gari (white),KG,349.36,15,332.2838051895194,17.076194810480615,1.027477768136443,False,above model expectation
2022-12-01,Gari (white),KG,345.58,15,349.29678529259013,-3.7167852925901457,-0.17835737271599386,False,below model expectation
2023-01-01,Gari (white),KG,353.33,15,344.7848030328606,8.545196967139361,0.5327445968909211,False,above model expectation
2014-10-01,Oil (palm),L,266.66,1,265.8533128389903,0.8066871610097337,-0.13338813290090512,False,above model expectation
2014-11-01,Oil (palm),L,266.66,1,266.710503253541,-0.05050325354096685,-0.15202067752257212,False,below model expectation
2014-12-01,Oil (palm),L,266.66,1,266.65659454074546,0.0034054592545658124,-0.15084887662558483,False,above model expectation
2015-01-01,Oil (palm),L,266.66,3,266.66022970652597,-0.0002297065259426745,-0.15092789336149642,False,below model expectation
2015-02-01,Oil (palm),L,250.66000000000003,2,266.6599845057121,-15.999984505712064,-0.4987107665377259,False,below model expectation
2015-03-01,Oil (palm),L,250.66000000000003,2,254.8839248554131,-4.223924855413088,-0.2427373524899073,False,below model expectation
2015-04-01,Oil (palm),L,250.66000000000003,2,250.37508555097153,0.2849144490284914,-0.14472978251962432,False,above model expectation
2015-05-01,Oil (palm),L,234.66,3,250.67921820251166,-16.019218202511667,-0.49912884484072007,False,below model expectation
2015-06-01,Oil (palm),L,266.91,1,238.8826274937283,28.027372506271718,0.4583014447220508,False,above model expectation
2015-07-01,Oil (palm),L,269.66,1,258.1113266312722,11.548673368727805,0.10010787212097547,False,above model expectation
2015-08-01,Oil (palm),L,251.41000000000003,2,269.5275059390544,-18.117505939054354,-0.5447388274263523,False,below model expectation
2015-09-01,Oil (palm),L,251.26,2,256.2368501566605,-4.976850156660532,-0.25910351108680246,False,below model expectation
2015-10-01,Oil (palm),L,267.16,3,250.97401599529735,16.185984004702675,0.20090799293733122,False,above model expectation
2015-11-01,Oil (palm),L,266.66,3,262.981766060319,3.6782339396810357,-0.07097000201823356,False,above model expectation
2015-12-01,Oil (palm),L,266.66,3,267.0738300998994,-0.41383009989937136,-0.1599182269609555,False,below model expectation
2016-01-01,Oil (palm),L,267.66,4,266.6320861097344,1.0279138902656086,-0.12857937998627283,False,above model expectation
2016-02-01,Oil (palm),L,322.245,2,267.39788762458477,54.847112375415236,1.041275765678787,False,above model expectation
2016-03-01,Oil (palm),L,275.26,5,307.8525000708811,-32.5925000708811,-0.85937833981637,False,below model expectation
2016-04-01,Oil (palm),L,309.58,5,288.6346269029157,20.945373097084257,0.30436170419022324,False,above model expectation
2016-05-01,Oil (palm),L,306.87,2,299.61753090644265,7.252469093557352,0.006722299321648242,False,above model expectation
2016-06-01,Oil (palm),L,333.365,10,308.25742091388696,25.10757908611305,0.3948345880427543,False,above model expectation
2016-07-01,Oil (palm),L,363.5,10,326.2768611044634,37.22313889553658,0.6581876364828532,False,above model expectation
2016-08-01,Oil (palm),L,416.5,10,356.0226164521487,60.477383547851275,1.1636596340372387,False,above model expectation
2016-09-01,Oil (palm),L,461.625,10,403.0126208715066,58.61237912849339,1.123120475556907,False,above model expectation
2016-10-01,Oil (palm),L,484.5,10,450.62197282317726,33.87802717682274,0.5854757368799323,False,above model expectation
2016-11-01,Oil (palm),L,633.0,11,479.20329102902303,153.79670897097697,3.192119665198037,False,above model expectation
2016-12-01,Oil (palm),L,733.0,19,594.1539835957504,138.84601640424955,2.8671400088163375,False,above model expectation
2017-01-01,Oil (palm),L,800.0,10,709.2207385579268,90.77926144207322,1.8223243629006998,False,above model expectation
2017-02-01,Oil (palm),L,800.0,17,783.9162905648994,16.08370943510056,0.19868487488861616,False,above model expectation
2017-03-01,Oil (palm),L,750.0,20,801.0848870112271,-51.084887011227124,-1.261342966319726,False,below model expectation
2017-04-01,Oil (palm),L,667.0,22,763.1265835254,-96.12658352539995,-2.2404036346261944,False,below model expectation
2017-05-01,Oil (palm),L,633.5,22,688.0261834002903,-54.52618340029028,-1.3361456092764947,False,below model expectation
2017-06-01,Oil (palm),L,563.5,24,640.9255710567996,-77.42557105679964,-1.8339041645239929,False,below model expectation
2017-07-01,Oil (palm),L,550.0,23,581.4787930608721,-31.478793060872135,-0.8351699548330496,False,below model expectation
2017-08-01,Oil (palm),L,800.0,23,552.3512205046434,247.64877949535662,5.232159850199324,True,above model expectation
2017-09-01,Oil (palm),L,553.0,23,733.8425946759487,-180.8425946759487,-4.081855465092125,True,below model expectation
2017-10-01,Oil (palm),L,760.0,21,622.6693086736447,137.33069132635535,2.834201747199175,False,above model expectation
2017-11-01,Oil (palm),L,667.0,21,700.6536140601617,-33.65361406016166,-0.88244352278894,False,below model expectation
2017-12-01,Oil (palm),L,645.5,22,695.5546214606477,-50.054621460647695,-1.238948328538575,False,below model expectation
2018-01-01,Oil (palm),L,533.33,31,649.2498159497379,-115.91981594973788,-2.6706444307121013,False,below model expectation
2018-02-01,Oil (palm),L,600.0,21,562.6894112618739,37.31058873812606,0.660088512958543,False,above model expectation
2018-03-01,Oil (palm),L,600.0,21,580.4190706887571,19.580929311242926,0.27470311341285153,False,above model expectation
2018-04-01,Oil (palm),L,567.0,21,601.3207833655066,-34.3207833655066,-0.8969456236536142,False,below model expectation
2018-05-01,Oil (palm),L,567.0,21,575.6227526693632,-8.622752669363194,-0.338353628798148,False,below model expectation
2018-06-01,Oil (palm),L,600.0,19,566.4183734536015,33.581626546398525,0.5790329467150841,False,above model expectation
2018-07-01,Oil (palm),L,533.0,33,591.3273893276963,-58.327389327696324,-1.4187715204582731,False,below model expectation
2018-08-01,Oil (palm),L,500.0,33,551.2726705506288,-51.272670550628845,-1.2654247725528847,False,below model expectation
2018-09-01,Oil (palm),L,500.0,33,507.4793048660356,-7.479304866035591,-0.31349877524823294,False,below model expectation
2018-10-01,Oil (palm),L,500.0,33,499.49550190925106,0.5044980907489389,-0.13995674500882935,False,above model expectation
2018-11-01,Oil (palm),L,471.34,33,500.0340296763039,-28.6940296763039,-0.7746382139934732,False,below model expectation
2018-12-01,Oil (palm),L,523.33,33,478.9038081371002,44.42619186289983,0.8147586894815895,False,above model expectation
2019-01-01,Oil (palm),L,500.0,27,509.09468951827057,-9.09468951827057,-0.3486120080877539,False,below model expectation
2019-02-01,Oil (palm),L,467.0,33,507.11921671762866,-40.11921671762866,-1.02298479340542,False,below model expectation
2019-03-01,Oil (palm),L,467.0,33,475.23163362716923,-8.23163362716923,-0.32985196699423897,False,below model expectation
2019-04-01,Oil (palm),L,467.0,33,466.4447554253992,0.5552445746008061,-0.1388536807319636,False,above model expectation
2019-05-01,Oil (palm),L,467.0,27,467.0374526554008,-0.03745265540078435,-0.15173699976782976,False,below model expectation
2019-06-01,Oil (palm),L,466.66,27,466.9974737233631,-0.33747372336307535,-0.15825848652427896,False,below model expectation
2019-07-01,Oil (palm),L,466.66,27,466.749928784737,-0.08992878473696919,-0.15287766093812682,False,below model expectation
2019-08-01,Oil (palm),L,400.0,33,466.65393407528967,-66.65393407528967,-1.599763647668608,False,below model expectation
2019-09-01,Oil (palm),L,407.33500000000004,32,417.5983317364704,-10.263331736470377,-0.3740145066548723,False,below model expectation
2019-10-01,Oil (palm),L,466.66,33,404.2115427996729,62.44845720032714,1.20650439426662,False,above model expectation
2019-11-01,Oil (palm),L,467.0,33,451.20916761073755,15.790832389262448,0.19231867604573602,False,above model expectation
2019-12-01,Oil (palm),L,467.0,33,467.9524394676936,-0.9524394676935799,-0.1716258509715829,False,below model expectation
2020-01-01,Oil (palm),L,467.0,33,466.93575554124186,0.06424445875813944,-0.1495264337310477,False,above model expectation
2020-02-01,Oil (palm),L,483.33,33,467.0043334517532,16.325666548246772,0.20394423923835586,False,above model expectation
2020-03-01,Oil (palm),L,533.0,23,479.01866545884656,53.981334541153444,1.022456558352736,False,above model expectation
2020-04-01,Oil (palm),L,533.33,23,520.1781669756724,13.15183302432763,0.13495537310974584,False,above model expectation
2020-05-01,Oil (palm),L,514.11,32,534.1077467422465,-19.997746742246477,-0.5856091755663501,False,below model expectation
2020-06-01,Oil (palm),L,509.56,33,519.1315274858919,-9.571527485891863,-0.3589769218317622,False,below model expectation
2020-07-01,Oil (palm),L,533.33,29,510.42246356329713,22.907536436702912,0.3470127830635291,False,above model expectation
2020-08-01,Oil (palm),L,533.0,33,526.996657833689,6.003342166310972,-0.0204296762662301,False,above model expectation
2020-09-01,Oil (palm),L,533.0,33,533.5143184275427,-0.514318427542662,-0.16210251789210373,False,below model expectation
2020-10-01,Oil (palm),L,511.0,33,532.9653079170619,-21.965307917061864,-0.6283775859023698,False,below model expectation
2020-11-01,Oil (palm),L,600.0,33,516.8102353081147,83.18976469188533,1.6573532731014817,False,above model expectation
2020-12-01,Oil (palm),L,667.0,19,576.1125086914087,90.88749130859128,1.824676929825228,False,above model expectation
2021-01-01,Oil (palm),L,712.0,33,650.923590944012,61.07640905598805,1.1766805093531691,False,above model expectation
2021-02-01,Oil (palm),L,720.0,33,701.204608865802,18.795391134197985,0.25762805647409115,False,above model expectation
2021-03-01,Oil (palm),L,729.9449999999999,34,718.6162146184474,11.328785381552507,0.0953282191252525,False,above model expectation
2021-04-01,Oil (palm),L,745.51,24,727.4129071918098,18.097092808190155,0.24244931147447976,False,above model expectation
2021-05-01,Oil (palm),L,733.0,34,741.5717102030317,-8.571710203031671,-0.3372441308203614,False,below model expectation
2021-06-01,Oil (palm),L,747.9449999999999,32,736.5682280687232,11.376771931276721,0.09637129136894403,False,above model expectation
2021-07-01,Oil (palm),L,800.0,32,743.7589051289466,56.241094871053406,1.071576432381196,False,above model expectation
2021-08-01,Oil (palm),L,800.0,32,786.5400905991831,13.459909400816855,0.14165195619604382,False,above model expectation
2021-09-01,Oil (palm),L,853.0,32,800.9079050414434,52.09209495855657,0.9813906058803129,False,above model expectation
2021-10-01,Oil (palm),L,894.04,32,838.9470118798356,55.092988120164364,1.0466203083937506,False,above model expectation
2021-11-01,Oil (palm),L,916.5,32,884.1535451326121,32.34645486738793,0.5521843130463941,False,above model expectation
2021-12-01,Oil (palm),L,933.0,32,911.2375334174571,21.762466582542856,0.32212267137959705,False,above model expectation
2022-01-01,Oil (palm),L,926.5,32,928.9990452943351,-2.499045294335133,-0.2052440548010477,False,below model expectation
2022-02-01,Oil (palm),L,926.5,32,928.4858435945914,-1.9858435945914152,-0.19408871124135302,False,below model expectation
2022-03-01,Oil (palm),L,933.0,32,926.3660498107856,6.633950189214374,-0.006722299321648242,False,above model expectation
2022-04-01,Oil (palm),L,988.0450000000001,32,931.2930662322252,56.75193376777486,1.0826804162523114,False,above model expectation
2022-05-01,Oil (palm),L,1243.045,32,973.6285191302533,269.4164808697468,5.705319209292294,True,above model expectation
2022-06-01,Oil (palm),L,936.975,16,1176.698642488297,-239.72364248829706,-5.361738828357613,True,below model expectation
2022-07-01,Oil (palm),L,1020.2149999999999,16,1022.2512526951073,-2.0362526951073505,-0.19518444189670991,False,below model expectation
2022-08-01,Oil (palm),L,1059.085,16,992.48793675809,66.59706324191006,1.296681659288917,False,above model expectation
2022-09-01,Oil (palm),L,1111.1100000000001,16,1050.6937658621086,60.41623413789148,1.162330443824278,False,above model expectation
2022-10-01,Oil (palm),L,1180.3000000000002,16,1097.9416577697411,82.35834223025904,1.639280840357553,False,above model expectation
2022-11-01,Oil (palm),L,1214.01,16,1162.9224075690313,51.0875924309687,0.9595559728161195,False,above model expectation
2022-12-01,Oil (palm),L,1213.935,16,1206.2828832245966,7.652116775403329,0.01540934614174599,False,above model expectation
2023-01-01,Oil (palm),L,1232.6,16,1214.4760132756792,18.12398672432073,0.2430338981472285,False,above model expectation
2023-02-01,Oil (palm),L,1260.5,16,1227.6360361619254,32.863963838074596,0.5634332827324193,False,above model expectation
2023-03-01,Oil (palm),L,1200.0,16,1253.4693648120142,-53.46936481201419,-1.3131737944162194,False,below model expectation
2023-04-01,Oil (palm),L,1207.5,16,1216.445946090048,-8.945946090047983,-0.34537880748670685,False,below model expectation
2023-05-01,Oil (palm),L,1300.0,16,1204.4107149212243,95.58928507877567,1.9268787052274363,False,above model expectation
2023-06-01,Oil (palm),L,1300.0,30,1275.7888205891156,24.21117941088437,0.37534976102645984,False,above model expectation
2023-07-01,Oil (palm),L,1300.0,26,1301.6331054832433,-1.6331054832432983,-0.18642132662308092,False,below model expectation
2023-08-01,Oil (palm),L,1380.55,25,1299.8898428914124,80.66015710858755,1.6023677933632279,False,above model expectation
2023-09-01,Oil (palm),L,1300.0,28,1359.2926139442488,-59.29261394424884,-1.4397523788913122,False,below model expectation
2023-10-01,Oil (palm),L,1371.9,31,1322.6986810588949,49.20131894110523,0.9185544935975605,False,above model expectation
2023-11-01,Oil (palm),L,1466.73,21,1351.3876587460054,115.34234125399462,2.3562461997204496,False,above model expectation
2023-12-01,Oil (palm),L,1331.205,8,1443.0789410314733,-111.87394103147335,-2.5827002077383057,False,below model expectation
2024-01-01,Oil (palm),L,1600.0,25,1368.5782785872057,231.42172141279434,4.879436139493573,True,above model expectation
2024-02-01,Oil (palm),L,1357.88,20,1526.5184774945783,-168.63847749457818,-3.816577466073519,True,below model expectation
2024-03-01,Oil (palm),L,1600.0,19,1426.7550421991727,173.24495780082725,3.614861634758448,True,above model expectation
2024-04-01,Oil (palm),L,1467.0,11,1531.4356765856878,-64.43567658568782,-1.55154591103069,False,below model expectation
2024-05-01,Oil (palm),L,1467.0,19,1506.736204257964,-39.73620425796389,-1.014659342462179,False,below model expectation
2024-06-01,Oil (palm),L,1591.595,20,1464.319692198564,127.27530780143593,2.615630261755955,False,above model expectation
2024-07-01,Oil (palm),L,1479.87,5,1558.88330686592,-79.01330686592019,-1.8684164010220683,False,below model expectation
2024-08-01,Oil (palm),L,1600.0,10,1511.571354683828,88.42864531617192,1.7712295779955012,False,above model expectation
2024-09-01,Oil (palm),L,1733.0,32,1566.1479152316404,166.85208476835965,3.4759012707411494,False,above model expectation
2024-10-01,Oil (palm),L,1687.5,33,1700.1720423391444,-12.672042339144355,-0.4263720774153077,False,below model expectation
2024-11-01,Oil (palm),L,1878.26,25,1701.7261123752955,176.53388762470445,3.686352321845802,True,above model expectation
2024-12-01,Oil (palm),L,2385.87,31,1826.9406809960958,558.9293190039041,11.998391067670003,True,above model expectation
2025-01-01,Oil (palm),L,2500.0,33,2255.324995448755,244.6750045512449,5.167519609944188,True,above model expectation
2025-02-01,Oil (palm),L,2515.63,25,2478.6758152649686,36.954184735031504,0.6523414437213295,False,above model expectation
2025-03-01,Oil (palm),L,2370.97,17,2512.942124794933,-141.97212479493328,-3.2369372856199434,False,below model expectation
2025-04-01,Oil (palm),L,2222.22,21,2409.3408551520633,-187.12085515206354,-4.21832452317063,True,below model expectation
2025-05-01,Oil (palm),L,2437.5,31,2258.901080133536,178.5989198664638,3.7312394376331732,True,above model expectation
2025-06-01,Oil (palm),L,2500.0,27,2378.192873205719,121.80712679428098,2.4967697088546834,False,above model expectation
2025-07-01,Oil (palm),L,2500.0,19,2487.5007138007913,12.499286199208655,0.12077111762769006,False,above model expectation
2025-08-01,Oil (palm),L,2533.705,24,2500.843108569068,32.86189143093179,0.563388235310158,False,above model expectation
2025-09-01,Oil (palm),L,2500.0,33,2524.750170686232,-24.750170686232195,-0.688911487041457,False,below model expectation
2025-10-01,Oil (palm),L,2469.76,37,2509.501985460186,-39.74198546018579,-1.014785007082942,False,below model expectation
2025-11-01,Oil (palm),L,2500.0,38,2477.1022829723224,22.897717027677572,0.3467993408997842,False,above model expectation
2025-12-01,Oil (palm),L,2937.5,34,2491.521528382279,445.97847161772097,9.543205302344726,True,above model expectation
2026-01-01,Oil (palm),L,2500.0,33,2822.57397773683,-322.5739777368299,-7.162636904484022,True,below model expectation
2026-02-01,Oil (palm),L,2500.0,28,2623.2499684945196,-123.24996849451963,-2.829978217063248,False,below model expectation
2026-03-01,Oil (palm),L,2500.0,27,2491.6864768980445,8.313523101955525,0.0297861785040119,False,above model expectation
2026-04-01,Oil (palm),L,2475.0,13,2500.5607682274567,-25.56076822745672,-0.706531253432564,False,below model expectation
2026-05-01,Oil (palm),L,2468.75,18,2481.562055713716,-12.812055713715836,-0.42941551491186525,False,below model expectation
2026-06-01,Oil (palm),L,2564.585,16,2469.957342930327,94.6276570696732,1.9059760253970301,False,above model expectation
2026-07-01,Oil (palm),L,2500.0,1,2539.203578008699,-39.20357800869897,-1.0030817720791718,False,below model expectation
2023-03-01,Tomatoes,0.5 KG,50.0,16,62.04479272964483,-12.044792729644833,-0.4354188099710209,False,below model expectation
2023-04-01,Tomatoes,0.5 KG,53.0,16,46.6126961178453,6.387303882154697,0.043717136994798414,False,above model expectation
2023-05-01,Tomatoes,0.5 KG,84.5,16,53.84682597053864,30.65317402946136,0.6745,False,above model expectation
2023-06-01,Tomatoes,0.5 KG,100.0,24,93.39167269065588,6.608327309344119,0.04946256418728836,False,above model expectation
2023-07-01,Tomatoes,0.5 KG,150.0,21,104.37526751444963,45.62473248555037,1.063680460014526,False,above model expectation
2023-08-01,Tomatoes,0.5 KG,158.33499999999998,22,164.11376617564403,-5.778766175644051,-0.27253562690750605,False,below model expectation
2023-09-01,Tomatoes,0.5 KG,135.0,25,160.68776482147985,-25.687764821479846,-0.7900631290803823,False,below model expectation
2023-10-01,Tomatoes,0.5 KG,106.855,28,128.41310532582693,-21.55810532582693,-0.6827140653916981,False,below model expectation
2023-11-01,Tomatoes,0.5 KG,129.81,17,98.91036101972996,30.89963898027004,0.6809067707590032,False,above model expectation
2023-12-01,Tomatoes,0.5 KG,200.0,8,136.2896300512382,63.71036994876181,1.5338103217942758,False,above model expectation
2024-01-01,Tomatoes,0.5 KG,150.235,20,219.8129049573691,-69.5779049573691,-1.9309720717456254,False,below model expectation
2024-02-01,Tomatoes,0.5 KG,131.11,20,136.1875685253815,-5.07756852538148,-0.2543082376286494,False,below model expectation
2024-03-01,Tomatoes,0.5 KG,158.82,19,125.71148443781617,33.108515562183825,0.7383257500046072,False,above model expectation
2024-04-01,Tomatoes,0.5 KG,150.0,9,166.6418492145419,-16.641849214541907,-0.5549176959922936,False,below model expectation
2024-05-01,Tomatoes,0.5 KG,206.45,15,147.5103316466164,58.93966835338358,1.4097975914611676,False,above model expectation
2024-06-01,Tomatoes,0.5 KG,294.445,16,222.38444201230212,72.06055798769788,1.7508705584912279,False,above model expectation
2024-07-01,Tomatoes,0.5 KG,358.06,5,319.28381709251596,38.77618290748404,0.8856547933451926,False,above model expectation
2024-08-01,Tomatoes,0.5 KG,200.0,10,376.0169447052719,-176.0169447052719,-4.697817926443262,True,below model expectation
2024-09-01,Tomatoes,0.5 KG,200.0,30,155.38356236555407,44.61643763444593,1.0374701857044717,False,above model expectation
2024-10-01,Tomatoes,0.5 KG,200.0,31,200.0,0.0,-0.12231860807478312,False,below model expectation
2024-11-01,Tomatoes,0.5 KG,200.0,23,200.0,0.0,-0.12231860807478312,False,below model expectation
2024-12-01,Tomatoes,0.5 KG,216.67,29,200.0,16.669999999999987,0.31101224972937475,False,above model expectation
2025-01-01,Tomatoes,0.5 KG,200.0,33,221.37552964295972,-21.37552964295972,-0.677968073953724,False,below model expectation
2025-02-01,Tomatoes,0.5 KG,200.0,25,195.29447035704027,4.705529642959732,0.0,False,above model expectation
2025-03-01,Tomatoes,0.5 KG,200.0,17,200.0,0.0,-0.12231860807478312,False,below model expectation
2025-04-01,Tomatoes,0.5 KG,200.0,21,200.0,0.0,-0.12231860807478312,False,below model expectation
2025-05-01,Tomatoes,0.5 KG,200.0,31,200.0,0.0,-0.12231860807478312,False,below model expectation
2025-06-01,Tomatoes,0.5 KG,246.67,27,200.0,46.66999999999999,1.0908518258616329,False,above model expectation
2025-07-01,Tomatoes,0.5 KG,306.25,14,259.84378934834615,46.40621065165385,1.0839947134082177,False,above model expectation
2025-08-01,Tomatoes,0.5 KG,258.335,20,323.06796377489746,-64.73296377489748,-1.805029509141479,False,below model expectation
2025-09-01,Tomatoes,0.5 KG,200.0,30,244.80977787388028,-44.80977787388028,-1.2871332141996976,False,below model expectation
2025-10-01,Tomatoes,0.5 KG,200.0,35,183.5334690028761,16.466530997123897,0.30572314369740994,False,above model expectation
2025-11-01,Tomatoes,0.5 KG,208.7,35,200.0,8.699999999999989,0.10383486900357146,False,above model expectation
2025-12-01,Tomatoes,0.5 KG,200.0,32,211.15579531456206,-11.155795314562056,-0.4123096310589934,False,below model expectation
2026-01-01,Tomatoes,0.5 KG,196.0,32,197.54420468543793,-1.5442046854379328,-0.16245967231989528,False,below model expectation
2026-02-01,Tomatoes,0.5 KG,200.0,28,194.8708987059485,5.129101294051509,0.0110105978949684,False,above model expectation
2026-03-01,Tomatoes,0.5 KG,200.0,27,201.1291012940515,-1.1291012940515088,-0.1516692038935669,False,below model expectation
2026-04-01,Tomatoes,0.5 KG,200.0,13,200.0,0.0,-0.12231860807478312,False,below model expectation
2026-05-01,Tomatoes,0.5 KG,233.87,17,200.0,33.870000000000005,0.7581202733785365,False,above model expectation
2026-06-01,Tomatoes,0.5 KG,350.0,15,243.43066520738128,106.56933479261872,2.6479142210376336,False,above model expectation
2026-07-01,Tomatoes,0.5 KG,500.0,1,382.7806333195509,117.21936668044913,2.924758099477657,False,above model expectation
