month,commodity,unit,price,price_change,pct_change,robust_z,spike,direction
2014-05-01,Rice (local),2.7 KG,304.0,,,,False,negative
2014-07-01,Rice (local),2.7 KG,480.0,,,,False,negative
2014-08-01,Rice (local),2.7 KG,510.0,30.0,6.25,0.9960515850863043,False,positive
2014-09-01,Rice (local),2.7 KG,540.0,30.0,5.882352941176472,0.9303513035117972,False,positive
2014-10-01,Rice (local),2.7 KG,410.0,-130.0,-24.07407407407407,-4.423004972929532,True,negative
2014-11-01,Rice (local),2.7 KG,396.0,-14.0,-3.4146341463414664,-0.7310645973772055,False,negative
2014-12-01,Rice (local),2.7 KG,512.0,116.0,29.292929292929305,5.113932869629916,True,positive
2015-01-01,Rice (local),2.7 KG,532.0,20.0,3.90625,0.5772122900488207,False,positive
2015-02-01,Rice (local),2.7 KG,501.0,-31.0,-5.827067669172936,-1.1621779652822835,False,negative
2015-03-01,Rice (local),2.7 KG,501.0,0.0,0.0,-0.12085320168031856,False,negative
2015-04-01,Rice (local),2.7 KG,463.0,-38.0,-7.584830339321358,-1.4762985317284358,False,negative
2015-05-01,Rice (local),2.7 KG,496.0,33.0,7.127429805615559,1.1528524730773004,False,positive
2015-06-01,Rice (local),2.7 KG,532.0,36.0,7.258064516129026,1.1761975184357583,False,positive
2015-07-01,Rice (local),2.7 KG,618.0,86.0,16.16541353383458,2.767983239279968,False,positive
2015-08-01,Rice (local),2.7 KG,541.5,-76.5,-12.378640776699024,-2.3329753036258616,False,negative
2015-09-01,Rice (local),2.7 KG,543.5,2.0,0.3693444136657398,-0.05484959470611434,False,negative
2015-10-01,Rice (local),2.7 KG,517.5,-26.0,-4.783808647654098,-0.9757426060867868,False,negative
2015-11-01,Rice (local),2.7 KG,470.0,-47.5,-9.178743961352653,-1.7611384923907205,False,negative
2015-12-01,Rice (local),2.7 KG,455.5,-14.5,-3.0851063829787195,-0.6721764155736295,False,negative
2016-01-01,Rice (local),2.7 KG,2207.0,1751.5,384.5225027442371,68.59515062784293,True,positive
2016-02-01,Rice (local),2.7 KG,409.0,-1798.0,-81.46805618486633,-14.679583109112219,True,negative
2016-03-01,Rice (local),2.7 KG,472.5,63.5,15.525672371638134,2.6536584446641514,False,positive
2016-04-01,Rice (local),2.7 KG,532.0,59.5,12.592592592592599,2.129503109434656,False,positive
2016-05-01,Rice (local),2.7 KG,706.0,174.0,32.70676691729324,5.724001923053287,True,positive
2016-06-01,Rice (local),2.7 KG,835.0,129.0,18.271954674220957,3.1444321805949067,False,positive
2016-07-01,Rice (local),2.7 KG,791.0,-44.0,-5.269461077844307,-1.0625310099242729,False,negative
2016-08-01,Rice (local),2.7 KG,849.0,58.0,7.332490518331225,1.1894977997348848,False,positive
2016-09-01,Rice (local),2.7 KG,781.0,-68.0,-8.009422850412252,-1.5521752370184643,False,negative
2016-10-01,Rice (local),2.7 KG,771.0,-10.0,-1.2804097311139517,-0.34966852291291645,False,negative
2016-11-01,Rice (local),2.7 KG,761.5,-9.5,-1.2321660181582317,-0.3410471414838543,False,negative
2016-12-01,Rice (local),2.7 KG,771.0,9.5,1.2475377544320487,0.10208774065523965,False,positive
2017-01-01,Rice (local),2.7 KG,849.0,78.0,10.116731517509736,1.687054935653983,False,positive
2017-02-01,Rice (local),2.7 KG,820.0,-29.0,-3.4157832744405203,-0.7312699520451164,False,negative
2017-03-01,Rice (local),2.7 KG,839.0,19.0,2.3170731707317094,0.29321881682828344,False,positive
2017-04-01,Rice (local),2.7 KG,858.5,19.5,2.3241954707985624,0.29449160579427647,False,positive
2017-05-01,Rice (local),2.7 KG,820.0,-38.5,-4.484566103669185,-0.9222665373218315,False,negative
2017-06-01,Rice (local),2.7 KG,820.0,0.0,0.0,-0.12085320168031856,False,negative
2017-07-01,Rice (local),2.7 KG,1543.0,723.0,88.17073170731706,15.635676765778573,True,positive
2017-08-01,Rice (local),2.7 KG,1591.0,48.0,3.110823071937774,0.43506570709269743,False,positive
2017-09-01,Rice (local),2.7 KG,1543.0,-48.0,-3.0169704588309254,-0.6600002012005993,False,negative
2017-10-01,Rice (local),2.7 KG,1350.0,-193.0,-12.508101101749835,-2.3561104807051603,False,negative
2017-11-01,Rice (local),2.7 KG,1157.0,-193.0,-14.296296296296296,-2.6756694842990822,False,negative
2017-12-01,Rice (local),2.7 KG,1157.0,0.0,0.0,-0.12085320168031856,False,negative
2018-01-01,Rice (local),2.7 KG,723.0,-434.0,-37.51080380293863,-6.824212613354846,True,negative
2018-02-01,Rice (local),2.7 KG,1157.0,434.0,60.02766251728908,10.60637617495513,True,positive
2018-03-01,Rice (local),2.7 KG,1157.0,0.0,0.0,-0.12085320168031856,False,negative
2018-04-01,Rice (local),2.7 KG,1157.0,0.0,0.0,-0.12085320168031856,False,negative
2018-05-01,Rice (local),2.7 KG,1157.0,0.0,0.0,-0.12085320168031856,False,negative
2018-06-01,Rice (local),2.7 KG,771.0,-386.0,-33.36214347450303,-6.082827240635083,True,negative
2018-07-01,Rice (local),2.7 KG,675.0,-96.0,-12.45136186770428,-2.345970909168688,False,negative
2018-08-01,Rice (local),2.7 KG,675.0,0.0,0.0,-0.12085320168031856,False,negative
2018-09-01,Rice (local),2.7 KG,694.5,19.5,2.8888888888888964,0.39540501086958846,False,positive
2018-10-01,Rice (local),2.7 KG,723.0,28.5,4.10367170626349,0.6124924898467928,False,positive
2018-11-01,Rice (local),2.7 KG,675.0,-48.0,-6.639004149377592,-1.3072748838888473,False,negative
2018-12-01,Rice (local),2.7 KG,675.0,0.0,0.0,-0.12085320168031856,False,negative
2019-01-01,Rice (local),2.7 KG,675.0,0.0,0.0,-0.12085320168031856,False,negative
2019-02-01,Rice (local),2.7 KG,654.0,-21.0,-3.111111111111109,-0.6768235844263704,False,negative
2019-03-01,Rice (local),2.7 KG,675.0,21.0,3.2110091743119185,0.4529694410621651,False,positive
2019-04-01,Rice (local),2.7 KG,675.0,0.0,0.0,-0.12085320168031856,False,negative
2019-05-01,Rice (local),2.7 KG,675.0,0.0,0.0,-0.12085320168031856,False,negative
2019-06-01,Rice (local),2.7 KG,675.0,0.0,0.0,-0.12085320168031856,False,negative
2019-07-01,Rice (local),2.7 KG,675.0,0.0,0.0,-0.12085320168031856,False,negative
2019-08-01,Rice (local),2.7 KG,664.5,-10.5,-1.5555555555555545,-0.3988383930533445,False,negative
2019-09-01,Rice (local),2.7 KG,683.0,18.5,2.784048156508656,0.376669472334611,False,positive
2019-10-01,Rice (local),2.7 KG,716.0,33.0,4.831625183016097,0.7425812454833358,False,positive
2019-11-01,Rice (local),2.7 KG,750.0,34.0,4.748603351955305,0.7277448486004672,False,positive
2019-12-01,Rice (local),2.7 KG,723.0,-27.0,-3.600000000000003,-0.7641903588578938,False,negative
2020-01-01,Rice (local),2.7 KG,709.5,-13.5,-1.8672199170124526,-0.4545342998014681,False,negative
2020-02-01,Rice (local),2.7 KG,691.0,-18.5,-2.607470049330518,-0.5868205263919758,False,negative
2020-03-01,Rice (local),2.7 KG,771.0,80.0,11.577424023154848,1.9480876479018483,False,positive
2020-04-01,Rice (local),2.7 KG,829.0,58.0,7.522697795071331,1.2234887465939037,False,positive
2020-05-01,Rice (local),2.7 KG,908.6949999999999,79.69499999999994,9.61338962605549,1.5971053407827167,False,positive
2020-06-01,Rice (local),2.7 KG,940.0,31.305000000000064,3.4450503194141113,0.49479370910456205,False,positive
2020-07-01,Rice (local),2.7 KG,993.0,53.0,5.638297872340425,0.8867374995729752,False,positive
2020-08-01,Rice (local),2.7 KG,1080.32,87.31999999999994,8.793554884189314,1.4505969651750512,False,positive
2020-09-01,Rice (local),2.7 KG,1109.0,28.680000000000064,2.6547689573459765,0.3535666633147466,False,positive
2020-10-01,Rice (local),2.7 KG,804.0,-305.0,-27.50225428313796,-5.035637114593861,True,negative
2020-11-01,Rice (local),2.7 KG,943.0,139.0,17.288557213930346,2.9686943676840705,False,positive
2020-12-01,Rice (local),2.7 KG,964.0,21.0,2.2269353128313796,0.2771107520350406,False,positive
2021-01-01,Rice (local),2.7 KG,964.0,0.0,0.0,-0.12085320168031856,False,negative
2021-02-01,Rice (local),2.7 KG,988.75,24.75,2.567427385892107,0.33795830823625933,False,positive
2021-03-01,Rice (local),2.7 KG,1089.48,100.73000000000002,10.187610619469023,1.6997213689755906,False,positive
2021-04-01,Rice (local),2.7 KG,1100.335,10.855000000000018,0.9963468810808784,0.05719873444115795,False,positive
2021-05-01,Rice (local),2.7 KG,1136.0,35.664999999999964,3.2412856084737873,0.45837998414082365,False,positive
2021-06-01,Rice (local),2.7 KG,1157.0,21.0,1.848591549295775,0.20949891834924597,False,positive
2021-07-01,Rice (local),2.7 KG,1157.0,0.0,0.0,-0.12085320168031856,False,negative
2021-08-01,Rice (local),2.7 KG,1157.0,0.0,0.0,-0.12085320168031856,False,negative
2021-09-01,Rice (local),2.7 KG,1125.5,-31.5,-2.7225583405358633,-0.6073873525276623,False,negative
2021-10-01,Rice (local),2.7 KG,1061.0,-64.5,-5.73078631719236,-1.1449720288177283,False,negative
2021-11-01,Rice (local),2.7 KG,1092.0,31.0,2.9217719132893505,0.4012813640465854,False,positive
2021-12-01,Rice (local),2.7 KG,1061.0,-31.0,-2.83882783882784,-0.6281652659992243,False,negative
2022-01-01,Rice (local),2.7 KG,1157.0,96.0,9.048067860508958,1.496079647022352,False,positive
2022-02-01,Rice (local),2.7 KG,1180.5,23.5,2.0311149524632643,0.2421167203803985,False,positive
2022-03-01,Rice (local),2.7 KG,1203.725,23.22499999999991,1.9673867005506107,0.23072817804223653,False,positive
2022-04-01,Rice (local),2.7 KG,1249.0,45.27500000000009,3.7612411472720098,0.5512985169711522,False,positive
2022-05-01,Rice (local),2.7 KG,1254.0,5.0,0.4003202562049557,-0.049314064017125625,False,negative
2022-06-01,Rice (local),2.7 KG,1237.565,-16.434999999999945,-1.3106060606060566,-0.35506475090531875,False,negative
2022-07-01,Rice (local),2.7 KG,1260.42,22.855000000000018,1.8467716847195836,0.20917369987621956,False,positive
2022-08-01,Rice (local),2.7 KG,1259.79,-0.6300000000001091,-0.049983338887049644,-0.1297854625541624,False,negative
2022-09-01,Rice (local),2.7 KG,1303.18,43.3900000000001,3.4442248311226553,0.4946461904126985,False,positive
2022-10-01,Rice (local),2.7 KG,1335.645,32.46499999999992,2.4912138000890094,0.3243385772282387,False,positive
2022-11-01,Rice (local),2.7 KG,1440.165,104.51999999999998,7.825432656132425,1.277588909064346,False,positive
2022-12-01,Rice (local),2.7 KG,1391.95,-48.21499999999992,-3.3478802776070737,-0.7191353628932643,False,negative
2023-01-01,Rice (local),2.7 KG,1397.0,5.0499999999999545,0.3628003879449615,-0.05601904329047612,False,negative
2023-02-01,Rice (local),2.7 KG,1630.5,233.5,16.714387974230505,2.866087588126486,False,positive
2023-03-01,Rice (local),2.7 KG,1728.0,97.5,5.979760809567614,0.9477585538277652,False,positive
2023-04-01,Rice (local),2.7 KG,1775.5,47.5,2.748842592592582,0.37037807027722197,False,positive
2023-05-01,Rice (local),2.7 KG,1901.5,126.0,7.096592509152355,1.1473417012323894,False,positive
2023-06-01,Rice (local),2.7 KG,1920.0,18.5,0.9729161188535285,0.053011545562867114,False,positive
2023-07-01,Rice (local),2.7 KG,1987.77,67.76999999999998,3.5296875000000005,0.5099187766461318,False,positive
2023-08-01,Rice (local),2.7 KG,2196.77,209.0,10.514294913395418,1.7581014092392488,False,positive
2023-09-01,Rice (local),2.7 KG,2286.295,89.52500000000009,4.075301465333192,0.6074225925833093,False,positive
2023-10-01,Rice (local),2.7 KG,2173.91,-112.38500000000022,-4.915594881675389,-0.999293434184119,False,negative
2023-11-01,Rice (local),2.7 KG,2286.84,112.93000000000029,5.194787272702195,0.8074800416981474,False,positive
2023-12-01,Rice (local),2.7 KG,2225.0,-61.840000000000146,-2.704168197162904,-0.6041009462616491,False,negative
2024-01-01,Rice (local),2.7 KG,2575.0,350.0,15.73033707865168,2.6902330032154502,False,positive
2024-02-01,Rice (local),2.7 KG,3001.725,426.7249999999999,16.571844660194166,2.8406144185634834,False,positive
2024-03-01,Rice (local),2.7 KG,3350.0,348.2750000000001,11.602495231908328,1.952567992392534,False,positive
2024-04-01,Rice (local),2.7 KG,3385.0,35.0,1.0447761194029903,0.06585327013738648,False,positive
2024-05-01,Rice (local),2.7 KG,3416.13,31.13000000000011,0.9196454948301458,0.043491831168345325,False,positive
2024-06-01,Rice (local),2.7 KG,3583.6949999999997,167.5649999999996,4.905111924897465,0.755713676486725,False,positive
2024-07-01,Rice (local),2.7 KG,4048.39,464.69500000000016,12.966923803504482,2.1963978808432367,False,positive
2024-08-01,Rice (local),2.7 KG,4400.0,351.6100000000001,8.685181022579357,1.431230039608244,False,positive
2024-09-01,Rice (local),2.7 KG,4550.0,150.0,3.409090909090917,0.4883675911014771,False,positive
2024-10-01,Rice (local),2.7 KG,4500.0,-50.0,-1.098901098901095,-0.31723206528763614,False,negative
2024-11-01,Rice (local),2.7 KG,4108.6849999999995,-391.3150000000005,-8.695888888888902,-1.674849989710831,False,negative
2024-12-01,Rice (local),2.7 KG,4100.0,-8.68499999999949,-0.2113815004070485,-0.1586280832224855,False,negative
2025-01-01,Rice (local),2.7 KG,4000.0,-100.0,-2.4390243902439046,-0.5567184843209522,False,negative
2025-02-01,Rice (local),2.7 KG,4000.0,0.0,0.0,-0.12085320168031856,False,negative
2025-03-01,Rice (local),2.7 KG,3900.0,-100.0,-2.500000000000002,-0.567615116386968,False,negative
2025-04-01,Rice (local),2.7 KG,4000.0,100.0,2.564102564102555,0.3373641467367558,False,positive
2025-05-01,Rice (local),2.7 KG,3579.17,-420.8299999999999,-10.520750000000001,-2.0009613673403104,False,negative
2025-06-01,Rice (local),2.7 KG,3400.0,-179.17000000000007,-5.005909191237079,-1.0154330317301947,False,negative
2025-07-01,Rice (local),2.7 KG,3058.06,-341.94000000000005,-10.057058823529408,-1.9180975442072776,False,negative
2025-08-01,Rice (local),2.7 KG,3032.26,-25.799999999999727,-0.8436721320052465,-0.27162143251204046,False,negative
2025-09-01,Rice (local),2.7 KG,3000.0,-32.26000000000022,-1.0638929379406803,-0.3109759400792228,False,negative
2025-10-01,Rice (local),2.7 KG,2668.75,-331.25,-11.041666666666671,-2.094051658301353,False,negative
2025-11-01,Rice (local),2.7 KG,2486.665,-182.08500000000004,-6.822857142857142,-1.3401302900454362,False,negative
2025-12-01,Rice (local),2.7 KG,2218.75,-267.91499999999996,-10.774068883424182,-2.046230659096285,False,negative
2026-01-01,Rice (local),2.7 KG,2200.0,-18.75,-0.8450704225352101,-0.27187131369383355,False,negative
2026-02-01,Rice (local),2.7 KG,2309.26,109.26000000000022,4.9663636363636465,0.766659649244201,False,positive
2026-03-01,Rice (local),2.7 KG,2411.29,102.02999999999975,4.418298502550599,0.668717797817692,False,positive
2026-04-01,Rice (local),2.7 KG,2560.0,148.71000000000004,6.167238283242571,0.9812616718691208,False,positive
2026-05-01,Rice (local),2.7 KG,2887.5,327.5,12.79296875,2.1653112837326125,False,positive
2026-06-01,Rice (local),2.7 KG,2900.0,12.5,0.43290043290042934,-0.043491831168345325,False,negative
2026-07-01,Rice (local),2.7 KG,2200.0,-700.0,-24.13793103448276,-4.434416516089344,True,negative
2016-01-01,Beans (red),2.5 KG,4200.0,,,,False,negative
2016-06-01,Beans (red),2.5 KG,608.5,,,,False,negative
2016-07-01,Beans (red),2.5 KG,585.0,-23.5,-3.861955628594904,-0.5532490061977012,False,negative
2016-08-01,Beans (red),2.5 KG,625.0,40.0,6.8376068376068355,0.5189317390838679,False,positive
2016-09-01,Beans (red),2.5 KG,683.5,58.5,9.35999999999999,0.7716954749180014,False,positive
2016-10-01,Beans (red),2.5 KG,744.0,60.5,8.851499634235548,0.7207397182818317,False,positive
2016-11-01,Beans (red),2.5 KG,673.0,-71.0,-9.543010752688176,-1.122535641625729,False,negative
2016-12-01,Beans (red),2.5 KG,650.0,-23.0,-3.4175334323922724,-0.5087143887262483,False,negative
2017-01-01,Beans (red),2.5 KG,673.0,23.0,3.5384615384615348,0.18833129847673902,False,positive
2017-02-01,Beans (red),2.5 KG,720.5,47.5,7.057949479940562,0.5410118137804691,False,positive
2017-03-01,Beans (red),2.5 KG,807.0,86.5,12.005551700208184,1.036800669879967,False,positive
2017-04-01,Beans (red),2.5 KG,833.0,26.0,3.2218091697645557,0.1566002278150034,False,positive
2017-05-01,Beans (red),2.5 KG,802.0,-31.0,-3.7214885954381716,-0.5391730990030642,False,negative
2017-06-01,Beans (red),2.5 KG,833.0,31.0,3.8653366583541127,0.22108676962497562,False,positive
2017-07-01,Beans (red),2.5 KG,1875.0,1042.0,125.09003601440578,12.368759995766311,True,positive
2017-08-01,Beans (red),2.5 KG,1927.0,52.0,2.7733333333333388,0.11165940354629908,False,positive
2017-09-01,Beans (red),2.5 KG,1250.0,-677.0,-35.132330046704716,-3.686787733108343,True,negative
2017-10-01,Beans (red),2.5 KG,1250.0,0.0,0.0,-0.1662505212417873,False,negative
2017-11-01,Beans (red),2.5 KG,1250.0,0.0,0.0,-0.1662505212417873,False,negative
2017-12-01,Beans (red),2.5 KG,1250.0,0.0,0.0,-0.1662505212417873,False,negative
2018-01-01,Beans (red),2.5 KG,1458.0,208.0,16.64000000000001,1.5012090274867287,False,positive
2018-02-01,Beans (red),2.5 KG,1615.0,157.0,10.768175582990391,0.9128058007679826,False,positive
2018-03-01,Beans (red),2.5 KG,1667.0,52.0,3.219814241486074,0.1564003202304492,False,positive
2018-04-01,Beans (red),2.5 KG,1667.0,0.0,0.0,-0.1662505212417873,False,negative
2018-05-01,Beans (red),2.5 KG,1667.0,0.0,0.0,-0.1662505212417873,False,negative
2018-06-01,Beans (red),2.5 KG,979.0,-688.0,-41.27174565086983,-4.302005712241635,True,negative
2018-07-01,Beans (red),2.5 KG,962.0,-17.0,-1.7364657814096018,-0.3402581202953788,False,negative
2018-08-01,Beans (red),2.5 KG,979.0,17.0,1.7671517671517645,0.010832056173457841,False,positive
2018-09-01,Beans (red),2.5 KG,833.0,-146.0,-14.913176710929521,-1.6606687248785141,False,negative
2018-10-01,Beans (red),2.5 KG,769.0,-64.0,-7.683073229291715,-0.9361551979102306,False,negative
2018-11-01,Beans (red),2.5 KG,729.0,-40.0,-5.201560468140443,-0.6874880014635149,False,negative
2018-12-01,Beans (red),2.5 KG,729.0,0.0,0.0,-0.1662505212417873,False,negative
2019-01-01,Beans (red),2.5 KG,729.0,0.0,0.0,-0.1662505212417873,False,negative
2019-02-01,Beans (red),2.5 KG,677.0,-52.0,-7.133058984910834,-0.8810394224457115,False,negative
2019-03-01,Beans (red),2.5 KG,673.0,-4.0,-0.5908419497784312,-0.2254575555535312,False,negative
2019-04-01,Beans (red),2.5 KG,607.0,-66.0,-9.806835066864783,-1.1489729235885018,False,negative
2019-05-01,Beans (red),2.5 KG,577.0,-30.0,-4.94233937397035,-0.6615119985364851,False,negative
2019-06-01,Beans (red),2.5 KG,469.0,-108.0,-18.71750433275563,-2.0418924279738024,False,negative
2019-07-01,Beans (red),2.5 KG,481.0,12.0,2.558635394456288,0.0901449727606699,False,positive
2019-08-01,Beans (red),2.5 KG,458.0,-23.0,-4.781704781704777,-0.645415142483039,False,negative
2019-09-01,Beans (red),2.5 KG,469.0,11.0,2.4017467248908186,0.07442348777543828,False,positive
2019-10-01,Beans (red),2.5 KG,444.0,-25.0,-5.330490405117272,-0.7004078004135738,False,negative
2019-11-01,Beans (red),2.5 KG,433.0,-11.0,-2.4774774774774744,-0.41451335036316045,False,negative
2019-12-01,Beans (red),2.5 KG,417.0,-16.0,-3.6951501154734445,-0.5365337750898324,False,negative
2020-01-01,Beans (red),2.5 KG,313.0,-104.0,-24.940047961630697,-2.6654404923576673,False,negative
2020-02-01,Beans (red),2.5 KG,356.0,43.0,13.738019169329064,1.2104076064332805,False,positive
2020-03-01,Beans (red),2.5 KG,385.0,29.0,8.14606741573034,0.6500498331419731,False,positive
2020-04-01,Beans (red),2.5 KG,433.0,48.0,12.467532467532472,1.0830947949883691,False,positive
2020-05-01,Beans (red),2.5 KG,448.0,15.0,3.4642032332563577,0.1808900292407553,False,positive
2020-06-01,Beans (red),2.5 KG,495.0,47.0,10.49107142857142,0.8850377738281837,False,positive
2020-07-01,Beans (red),2.5 KG,548.0,53.0,10.70707070707071,0.9066826091317961,False,positive
2020-08-01,Beans (red),2.5 KG,625.0,77.0,14.051094890510951,1.241780268738557,False,positive
2020-09-01,Beans (red),2.5 KG,625.0,0.0,0.0,-0.1662505212417873,False,negative
2020-10-01,Beans (red),2.5 KG,444.0,-181.0,-28.959999999999997,-3.068271466625068,False,negative
2020-11-01,Beans (red),2.5 KG,650.0,206.0,46.39639639639639,4.483035187758478,True,positive
2020-12-01,Beans (red),2.5 KG,654.0,4.0,0.6153846153846176,-0.10458411781247808,False,negative
2021-01-01,Beans (red),2.5 KG,729.0,75.0,11.46788990825689,0.9829227078021023,False,positive
2021-02-01,Beans (red),2.5 KG,750.0,21.0,2.8806584362139898,0.12241422732133585,False,positive
2021-03-01,Beans (red),2.5 KG,1208.0,458.0,61.06666666666667,5.953112245726642,True,positive
2021-04-01,Beans (red),2.5 KG,1322.0,114.0,9.43708609271523,0.779420110817773,False,positive
2021-05-01,Beans (red),2.5 KG,1310.0,-12.0,-0.9077155824508298,-0.25721079861482227,False,negative
2021-06-01,Beans (red),2.5 KG,1429.0,119.0,9.083969465648845,0.74403503319658,False,positive
2021-07-01,Beans (red),2.5 KG,1589.0,160.0,11.196641007697682,0.9557414235881863,False,positive
2021-08-01,Beans (red),2.5 KG,1694.0,105.0,6.607929515418509,0.4959162556698463,False,positive
2021-09-01,Beans (red),2.5 KG,1667.0,-27.0,-1.5938606847697767,-0.3259679622371199,False,negative
2021-10-01,Beans (red),2.5 KG,1527.0,-140.0,-8.39832033593282,-1.0078286124336173,False,negative
2021-11-01,Beans (red),2.5 KG,1319.0,-208.0,-13.621480026195155,-1.5312305054661774,False,negative
2021-12-01,Beans (red),2.5 KG,1250.0,-69.0,-5.2312357846853725,-0.6904617027816871,False,negative
2022-01-01,Beans (red),2.5 KG,1302.0,52.0,4.160000000000008,0.25061436594034225,False,positive
2022-02-01,Beans (red),2.5 KG,1354.0,52.0,3.9938556067588227,0.23396538427100813,False,positive
2022-03-01,Beans (red),2.5 KG,1375.0,21.0,1.5509601181683985,-0.010832056173457841,False,negative
2022-04-01,Beans (red),2.5 KG,1396.0,21.0,1.5272727272727327,-0.01320572000359263,False,negative
2022-05-01,Beans (red),2.5 KG,1446.0,50.0,3.5816618911174825,0.19266031533639041,False,positive
2023-02-01,Beans (red),2.5 KG,933.5,,,,False,negative
2023-03-01,Beans (red),2.5 KG,962.5,29.0,3.106588109266206,0.14505416666460685,False,positive
2023-04-01,Beans (red),2.5 KG,1189.5,227.0,23.584415584415574,2.1970943686269235,False,positive
2023-05-01,Beans (red),2.5 KG,1225.0,35.5,2.984447246742339,0.13281468664625593,False,positive
2023-06-01,Beans (red),2.5 KG,1203.0,-22.0,-1.795918367346938,-0.3462157394130359,False,negative
2023-07-01,Beans (red),2.5 KG,1369.355,166.35500000000002,13.828345802161257,1.2194590491268225,False,positive
2023-08-01,Beans (red),2.5 KG,1425.93,56.575000000000045,4.131507169433779,0.24775915906546472,False,positive
2023-09-01,Beans (red),2.5 KG,1488.15,62.22000000000003,4.363468052428954,0.27100347332518837,False,positive
2023-10-01,Beans (red),2.5 KG,1681.65,193.5,13.002721499848802,1.1367249670022297,False,positive
2023-11-01,Beans (red),2.5 KG,1753.85,72.19999999999982,4.293402313204275,0.2639823323450855,False,positive
2023-12-01,Beans (red),2.5 KG,1800.0,46.15000000000009,2.63135387860991,0.09743193975412065,False,positive
2024-01-01,Beans (red),2.5 KG,2225.0,425.0,23.611111111111114,2.199769471445242,False,positive
2024-02-01,Beans (red),2.5 KG,2515.52,290.52,13.057078651685394,1.1421719833406678,False,positive
2024-03-01,Beans (red),2.5 KG,3000.0,484.48,19.259636178603223,1.7637172823068372,False,positive
2024-04-01,Beans (red),2.5 KG,3347.83,347.8299999999999,11.594333333333328,0.9955933386024416,False,positive
2024-05-01,Beans (red),2.5 KG,3698.39,350.55999999999995,10.47126048813709,0.8830525609798354,False,positive
2024-06-01,Beans (red),2.5 KG,5000.0,1301.6100000000001,35.193962778398166,3.3604627775824887,False,positive
2024-07-01,Beans (red),2.5 KG,5329.41,329.40999999999985,6.5882,0.4939392022517946,False,positive
2024-08-01,Beans (red),2.5 KG,5302.325,-27.085000000000036,-0.5082176075775768,-0.21717794327226758,False,negative
2024-09-01,Beans (red),2.5 KG,6000.0,697.6750000000002,13.157907144507375,1.152275795428403,False,positive
2024-10-01,Beans (red),2.5 KG,4429.03,-1570.9700000000003,-26.182833333333335,-2.7899774115322877,False,negative
2024-11-01,Beans (red),2.5 KG,4018.52,-410.50999999999976,-9.268620894417056,-1.0950396086180103,False,negative
2024-12-01,Beans (red),2.5 KG,3413.33,-605.19,-15.060022097687709,-1.6753837935285545,False,negative
2025-01-01,Beans (red),2.5 KG,3200.0,-213.32999999999993,-6.249908447176211,-0.7925407567539855,False,negative
2025-02-01,Beans (red),2.5 KG,3200.0,0.0,0.0,-0.1662505212417873,False,negative
2025-03-01,Beans (red),2.5 KG,2847.83,-352.1700000000001,-11.005312499999997,-1.2690698370390399,False,negative
2025-04-01,Beans (red),2.5 KG,2835.185,-12.644999999999982,-0.4440222906563984,-0.21074506501602525,False,negative
2025-05-01,Beans (red),2.5 KG,2851.855,16.670000000000073,0.5879686863467404,-0.10733141064069153,False,negative
2025-06-01,Beans (red),2.5 KG,2552.3900000000003,-299.4649999999997,-10.500709187528813,-1.2185045959512923,False,negative
2025-07-01,Beans (red),2.5 KG,2677.42,125.02999999999975,4.898546068586684,0.3246225206423109,False,positive
2025-08-01,Beans (red),2.5 KG,2533.335,-144.08500000000004,-5.381486655063461,-0.7055180278127395,False,negative
2025-09-01,Beans (red),2.5 KG,2495.65,-37.684999999999945,-1.487564810812625,-0.3153162753368617,False,negative
2025-10-01,Beans (red),2.5 KG,2163.71,-331.94000000000005,-13.300743293330397,-1.499090149225593,False,negative
2025-11-01,Beans (red),2.5 KG,2000.0,-163.71000000000004,-7.5661710672872085,-0.9244406770988471,False,negative
2025-12-01,Beans (red),2.5 KG,1654.045,-345.9549999999999,-17.29775,-1.8996218198606978,False,negative
2026-01-01,Beans (red),2.5 KG,1500.0,-154.04500000000007,-9.313229083852015,-1.0995097018526745,False,negative
2026-02-01,Beans (red),2.5 KG,2291.07,791.0700000000002,52.73800000000002,5.118514002847423,True,positive
2026-03-01,Beans (red),2.5 KG,2462.5,171.42999999999984,7.4825299969009995,0.5835581381320178,False,positive
2026-04-01,Beans (red),2.5 KG,2350.0,-112.5,-4.5685279187817285,-0.6240531355329773,False,negative
2026-05-01,Beans (red),2.5 KG,2395.16,45.159999999999854,1.9217021276595636,0.02631922410543885,False,positive
2026-06-01,Beans (red),2.5 KG,2650.0,254.84000000000015,10.639790243658043,0.8999405748072569,False,positive
2026-07-01,Beans (red),2.5 KG,2500.0,-150.0,-5.660377358490565,-0.7334650810868462,False,negative
2014-07-01,Yam,2.5 KG,288.0,,,,False,negative
2014-08-01,Yam,2.5 KG,279.0,-9.0,-3.125,-0.42016301702650394,False,negative
2014-09-01,Yam,2.5 KG,254.0,-25.0,-8.960573476702505,-0.9526116095183169,False,negative
2014-10-01,Yam,2.5 KG,236.0,-18.0,-7.0866141732283445,-0.7816280725094449,False,negative
2014-11-01,Yam,2.5 KG,203.0,-33.0,-13.983050847457623,-1.410871798950745,False,negative
2014-12-01,Yam,2.5 KG,198.0,-5.0,-2.463054187192115,-0.35976584822338453,False,negative
2015-01-01,Yam,2.5 KG,205.0,7.0,3.535353535353525,0.1875400441301783,False,positive
2015-02-01,Yam,2.5 KG,255.0,50.0,24.390243902439025,2.0903790824624227,False,positive
2015-03-01,Yam,2.5 KG,247.0,-8.0,-3.1372549019607843,-0.4212811771055767,False,negative
2015-04-01,Yam,2.5 KG,217.0,-30.0,-12.145748987854255,-1.2432329553933865,False,negative
2015-05-01,Yam,2.5 KG,254.0,37.0,17.050691244239637,1.4207046283612879,False,positive
2015-06-01,Yam,2.5 KG,319.0,65.0,25.590551181102363,2.1998973540827653,False,positive
2015-07-01,Yam,2.5 KG,350.0,31.0,9.717868338557988,0.7516442094137153,False,positive
2015-08-01,Yam,2.5 KG,366.5,16.5,4.714285714285715,0.2951080118409466,False,positive
2015-09-01,Yam,2.5 KG,365.0,-1.5,-0.4092769440654842,-0.17237538749827863,False,negative
2015-10-01,Yam,2.5 KG,350.0,-15.0,-4.109589041095896,-0.5099987548862569,False,negative
2015-11-01,Yam,2.5 KG,292.0,-58.0,-16.57142857142857,-1.647040203216003,False,negative
2015-12-01,Yam,2.5 KG,291.5,-0.5,-0.1712328767123239,-0.15065580344724602,False,negative
2016-01-01,Yam,2.5 KG,336.0,44.5,15.265866209262446,1.2578538680184062,False,positive
2016-02-01,Yam,2.5 KG,267.5,-68.5,-20.386904761904766,-1.99517135697761,False,negative
2016-03-01,Yam,2.5 KG,331.0,63.5,23.73831775700934,2.0308961267720433,False,positive
2016-04-01,Yam,2.5 KG,372.5,41.5,12.537764350453173,1.0089367734609578,False,positive
2016-05-01,Yam,2.5 KG,397.5,25.0,6.711409395973145,0.4773292961057818,False,positive
2016-06-01,Yam,2.5 KG,294.0,-103.5,-26.03773584905661,-2.510763709772925,False,negative
2016-07-01,Yam,2.5 KG,313.0,19.0,6.4625850340136015,0.45462609789707786,False,positive
2016-08-01,Yam,2.5 KG,303.5,-9.5,-3.0351437699680517,-0.4119643672454431,False,negative
2016-09-01,Yam,2.5 KG,264.5,-39.0,-12.850082372322902,-1.3074976451796658,False,negative
2016-10-01,Yam,2.5 KG,220.0,-44.5,-16.824196597353502,-1.6701032286697954,False,negative
2016-11-01,Yam,2.5 KG,276.0,56.0,25.454545454545464,2.18748793828753,False,positive
2016-12-01,Yam,2.5 KG,296.0,20.0,7.246376811594213,0.526140719458363,False,positive
2017-01-01,Yam,2.5 KG,294.0,-2.0,-0.6756756756756799,-0.19668210392533392,False,negative
2017-02-01,Yam,2.5 KG,285.0,-9.0,-3.0612244897959218,-0.4143440206966357,False,negative
2017-03-01,Yam,2.5 KG,338.0,53.0,18.596491228070168,1.5617462978647823,False,positive
2017-04-01,Yam,2.5 KG,368.0,30.0,8.875739644970416,0.6748068189862294,False,positive
2017-05-01,Yam,2.5 KG,403.0,35.0,9.510869565217384,0.7327572558087688,False,positive
2017-06-01,Yam,2.5 KG,441.0,38.0,9.429280397022332,0.7253129081467151,False,positive
2017-07-01,Yam,2.5 KG,484.0,43.0,9.75056689342404,0.7546276864591939,False,positive
2017-08-01,Yam,2.5 KG,550.0,66.0,13.636363636363647,1.1091750183962399,False,positive
2017-09-01,Yam,2.5 KG,403.0,-147.0,-26.727272727272723,-2.573678338770936,False,negative
2017-10-01,Yam,2.5 KG,403.0,0.0,0.0,-0.13503219686294168,False,negative
2017-11-01,Yam,2.5 KG,403.0,0.0,0.0,-0.13503219686294168,False,negative
2017-12-01,Yam,2.5 KG,318.0,-85.0,-21.09181141439206,-2.059488352805595,False,negative
2018-01-01,Yam,2.5 KG,368.0,50.0,15.723270440251568,1.299588281947434,False,positive
2018-02-01,Yam,2.5 KG,331.0,-37.0,-10.054347826086952,-1.0524096182587503,False,negative
2018-03-01,Yam,2.5 KG,355.0,24.0,7.25075528700907,0.5265402197099163,False,positive
2018-04-01,Yam,2.5 KG,404.0,49.0,13.802816901408455,1.1243625243102013,False,positive
2018-05-01,Yam,2.5 KG,496.0,92.0,22.77227722772277,1.942752789675492,False,positive
2018-06-01,Yam,2.5 KG,403.0,-93.0,-18.75,-1.845817117844315,False,negative
2018-07-01,Yam,2.5 KG,640.0,237.0,58.8089330024814,5.230804379118341,True,positive
2018-08-01,Yam,2.5 KG,494.0,-146.0,-22.812500000000004,-2.2164871840569464,False,negative
2018-09-01,Yam,2.5 KG,415.0,-79.0,-15.991902834008098,-1.5941631955946938,False,negative
2018-10-01,Yam,2.5 KG,429.0,14.0,3.3734939759036076,0.1727716764702526,False,positive
2018-11-01,Yam,2.5 KG,417.0,-12.0,-2.7972027972028024,-0.39025418973662024,False,negative
2018-12-01,Yam,2.5 KG,403.0,-14.0,-3.3573141486810565,-0.44135979262619335,False,negative
2019-01-01,Yam,2.5 KG,407.5,4.5,1.1166253101736912,-0.033149223901272354,False,negative
2019-02-01,Yam,2.5 KG,413.0,5.5,1.3496932515337345,-0.011883670853649251,False,negative
2019-03-01,Yam,2.5 KG,444.0,31.0,7.506053268765123,0.5498340830456622,False,positive
2019-04-01,Yam,2.5 KG,484.0,40.0,9.009009009009006,0.6869665639689492,False,positive
2019-05-01,Yam,2.5 KG,504.5,20.5,4.23553719008265,0.2514261048463498,False,positive
2019-06-01,Yam,2.5 KG,542.0,37.5,7.433102081268572,0.543177880830367,False,positive
2019-07-01,Yam,2.5 KG,521.0,-21.0,-3.874538745387457,-0.4885523281358457,False,negative
2019-08-01,Yam,2.5 KG,467.0,-54.0,-10.364683301343568,-1.080725205006196,False,negative
2019-09-01,Yam,2.5 KG,413.5,-53.5,-11.456102783725907,-1.1803083512955295,False,negative
2019-10-01,Yam,2.5 KG,442.0,28.5,6.892382103990324,0.4938415830383127,False,positive
2019-11-01,Yam,2.5 KG,403.0,-39.0,-8.823529411764708,-0.940107453795353,False,negative
2019-12-01,Yam,2.5 KG,423.0,20.0,4.962779156327546,0.31778101630003586,False,positive
2020-01-01,Yam,2.5 KG,441.0,18.0,4.255319148936176,0.25323104761510107,False,positive
2020-02-01,Yam,2.5 KG,441.0,0.0,0.0,-0.13503219686294168,False,negative
2020-03-01,Yam,2.5 KG,528.5,87.5,19.84126984126984,1.675322216873961,False,positive
2020-04-01,Yam,2.5 KG,607.0,78.5,14.853358561967834,1.220215902003413,False,positive
2020-05-01,Yam,2.5 KG,576.5,-30.5,-5.024711696869854,-0.5934962503714044,False,negative
2020-06-01,Yam,2.5 KG,595.65,19.149999999999977,3.3217692974848223,0.16805222047657428,False,positive
2020-07-01,Yam,2.5 KG,632.0,36.35000000000002,6.102577016704447,0.42177829590001636,False,positive
2020-08-01,Yam,2.5 KG,484.0,-148.0,-23.417721518987346,-2.271708722645586,False,negative
2020-09-01,Yam,2.5 KG,484.0,0.0,0.0,-0.13503219686294168,False,negative
2020-10-01,Yam,2.5 KG,444.0,-40.0,-8.264462809917351,-0.8890971758078994,False,negative
2020-11-01,Yam,2.5 KG,484.0,40.0,9.009009009009006,0.6869665639689492,False,positive
2020-12-01,Yam,2.5 KG,484.0,0.0,0.0,-0.13503219686294168,False,negative
2021-01-01,Yam,2.5 KG,524.0,40.0,8.264462809917351,0.619032782082016,False,positive
2021-02-01,Yam,2.5 KG,556.0,32.0,6.106870229007644,0.42217001658646336,False,positive
2021-03-01,Yam,2.5 KG,551.0,-5.0,-0.8992805755395739,-0.2170842314423846,False,negative
2021-04-01,Yam,2.5 KG,621.185,70.18499999999995,12.737749546279487,1.0271837951910465,False,positive
2021-05-01,Yam,2.5 KG,645.0,23.815000000000055,3.8338015245055868,0.21477099450556816,False,positive
2021-06-01,Yam,2.5 KG,647.735,2.7350000000000136,0.424031007751946,-0.09634281797811155,False,negative
2021-07-01,Yam,2.5 KG,667.2,19.465000000000032,3.0050869568573724,0.13915753391195942,False,positive
2021-08-01,Yam,2.5 KG,680.5,13.299999999999955,1.9934052757793586,0.046849813121487276,False,positive
2021-09-01,Yam,2.5 KG,635.0,-45.5,-6.686260102865537,-0.7450990214891673,False,negative
2021-10-01,Yam,2.5 KG,609.0,-26.0,-4.094488188976375,-0.5086209250142545,False,negative
2021-11-01,Yam,2.5 KG,590.0,-19.0,-3.1198686371100126,-0.4196948219195027,False,negative
2021-12-01,Yam,2.5 KG,622.0,32.0,5.423728813559325,0.3598389215226311,False,positive
2022-01-01,Yam,2.5 KG,578.5,-43.5,-6.9935691318328,-0.7731384696405603,False,negative
2022-02-01,Yam,2.5 KG,606.0,27.5,4.753673292999139,0.29870180788024747,False,positive
2022-03-01,Yam,2.5 KG,634.1949999999999,28.194999999999936,4.652640264026386,0.28948336614757236,False,positive
2022-04-01,Yam,2.5 KG,593.835,-40.3599999999999,-6.363973225900532,-0.715692966590932,False,negative
2022-05-01,Yam,2.5 KG,740.5,146.66499999999996,24.697937979405047,2.118453663110356,False,positive
2022-06-01,Yam,2.5 KG,822.73,82.23000000000002,11.104659014179607,0.8781775734889706,False,positive
2022-07-01,Yam,2.5 KG,825.6300000000001,2.900000000000091,0.35248501938669463,-0.10287080720755053,False,negative
2022-08-01,Yam,2.5 KG,737.1700000000001,-88.46000000000004,-10.71424245727506,-1.1126196334306533,False,negative
2022-09-01,Yam,2.5 KG,708.515,-28.655000000000086,-3.8871630695769044,-0.48970419498709306,False,negative
2022-10-01,Yam,2.5 KG,714.65,6.134999999999991,0.8658955703125581,-0.05602627233839282,False,negative
2022-11-01,Yam,2.5 KG,742.235,27.585000000000036,3.859931434968167,0.21715513620188684,False,positive
2022-12-01,Yam,2.5 KG,743.3050000000001,1.07000000000005,0.1441591948641685,-0.12187884343390516,False,negative
2023-01-01,Yam,2.5 KG,825.0,81.69499999999994,10.990777675382235,0.8677868280385325,False,positive
2023-02-01,Yam,2.5 KG,645.0,-180.0,-21.818181818181813,-2.1257637412776305,False,negative
2023-03-01,Yam,2.5 KG,705.5,60.5,9.379844961240313,0.7208023269148206,False,positive
2023-04-01,Yam,2.5 KG,726.0,20.5,2.905740609496821,0.1300929881509456,False,positive
2023-05-01,Yam,2.5 KG,693.0,-33.0,-4.545454545454541,-0.5497679352826682,False,negative
2023-06-01,Yam,2.5 KG,1000.0,307.0,44.300144300144304,3.906995475989635,True,positive
2023-07-01,Yam,2.5 KG,1390.32,390.31999999999994,39.032,3.4263201783767903,False,positive
2023-08-01,Yam,2.5 KG,1562.9,172.58000000000015,12.412969676045815,0.997550274943897,False,positive
2023-09-01,Yam,2.5 KG,1500.0,-62.90000000000009,-4.024569710154202,-0.5022414327866849,False,negative
2023-10-01,Yam,2.5 KG,1504.55,4.5499999999999545,0.30333333333332213,-0.10735549858573293,False,negative
2023-11-01,Yam,2.5 KG,1526.92,22.37000000000012,1.4868233026486433,0.0006283304082595928,False,positive
2023-12-01,Yam,2.5 KG,1519.12,-7.800000000000182,-0.5108322636418583,-0.18164148399836957,False,negative
2024-01-01,Yam,2.5 KG,1919.355,400.2350000000001,26.34650323871717,2.268871827744219,False,positive
2024-02-01,Yam,2.5 KG,1837.0700000000002,-82.28499999999985,-4.28711728679686,-0.5261967626619095,False,negative
2024-03-01,Yam,2.5 KG,2000.0,162.92999999999984,8.869014245510499,0.6741931810137706,False,positive
2024-04-01,Yam,2.5 KG,2410.0,410.0,20.500000000000007,1.7354259834100276,False,positive
2024-05-01,Yam,2.5 KG,2879.84,469.84000000000015,19.495435684647312,1.6437676643240877,False,positive
2024-06-01,Yam,2.5 KG,3000.0,120.15999999999985,4.172454025223615,0.24567027939522348,False,positive
2024-07-01,Yam,2.5 KG,3361.29,361.28999999999996,12.043000000000003,0.9637935526505883,False,positive
2024-08-01,Yam,2.5 KG,3625.0,263.71000000000004,7.845499793234145,0.5808058161411894,False,positive
2024-09-01,Yam,2.5 KG,3000.0,-625.0,-17.24137931034483,-1.7081677563860442,False,negative
2024-10-01,Yam,2.5 KG,3435.48,435.48,14.515999999999995,1.189434678495224,False,positive
2024-11-01,Yam,2.5 KG,3000.0,-435.48,-12.675957944741345,-1.2916102081086769,False,negative
2024-12-01,Yam,2.5 KG,3130.435,130.43499999999995,4.3478333333333286,0.2616722141027565,False,positive
2025-01-01,Yam,2.5 KG,3056.45,-73.98500000000013,-2.363409558096563,-0.35067408668133376,False,negative
2025-02-01,Yam,2.5 KG,3446.43,389.98,12.759246838652682,1.0291452481848593,False,positive
2025-03-01,Yam,2.5 KG,3500.0,53.570000000000164,1.5543620500053645,0.006790691504784892,False,positive
2025-04-01,Yam,2.5 KG,2815.74,-684.2600000000002,-19.55028571428572,-1.9188366769097454,False,negative
2025-05-01,Yam,2.5 KG,3500.0,684.2600000000002,24.301249405129745,2.082259058779914,False,positive
2025-06-01,Yam,2.5 KG,3173.91,-326.09000000000015,-9.316857142857149,-0.9851195947796144,False,negative
2025-07-01,Yam,2.5 KG,3659.09,485.1800000000003,15.28650780898011,1.2597372460206417,False,positive
2025-08-01,Yam,2.5 KG,3000.0,-659.0900000000001,-18.012401990658887,-1.7785173017308935,False,negative
2025-09-01,Yam,2.5 KG,3000.0,0.0,0.0,-0.13503219686294168,False,negative
2025-10-01,Yam,2.5 KG,2956.45,-43.55000000000018,-1.4516666666666733,-0.2674849671895891,False,negative
2025-11-01,Yam,2.5 KG,3000.0,43.55000000000018,1.473050449018265,-0.0006283304082595928,False,negative
2025-12-01,Yam,2.5 KG,2562.5,-437.5,-14.583333333333337,-1.4656426909595661,False,negative
2026-01-01,Yam,2.5 KG,2912.5,350.0,13.658536585365844,1.1111981195592613,False,positive
2026-02-01,Yam,2.5 KG,2785.71,-126.78999999999996,-4.353304721030038,-0.5322358274322864,False,negative
2026-03-01,Yam,2.5 KG,2855.75,70.03999999999996,2.514260278349134,0.0943735936235719,False,positive
2026-04-01,Yam,2.5 KG,2833.33,-22.420000000000073,-0.7850827278298222,-0.20666460712929813,False,negative
2026-05-01,Yam,2.5 KG,3237.5,404.1700000000001,14.264840311576844,1.1665184007505465,False,positive
2026-06-01,Yam,2.5 KG,3262.5,25.0,0.7722007722007707,-0.0645751602202083,False,negative
2026-07-01,Yam,2.5 KG,3000.0,-262.5,-8.045977011494255,-0.8691621246403894,False,negative
2014-05-01,Gari (white),KG,117.11,,,,False,negative
2014-07-01,Gari (white),KG,139.28,,,,False,negative
2014-09-01,Gari (white),KG,130.18,,,,False,negative
2014-10-01,Gari (white),KG,124.72,-5.460000000000008,-4.194192656322027,-1.3955372875712895,False,negative
2014-11-01,Gari (white),KG,127.25,2.530000000000001,2.028543938422067,0.53765871014188,False,positive
2014-12-01,Gari (white),KG,130.46,3.210000000000008,2.5225933202357664,0.6911433182484822,False,positive
2015-01-01,Gari (white),KG,129.53,-0.9300000000000068,-0.7128621799785462,-0.3140044215861643,False,negative
2015-02-01,Gari (white),KG,122.16,-7.3700000000000045,-5.689801590365173,-1.8601729284046733,False,negative
2015-03-01,Gari (white),KG,114.68,-7.47999999999999,-6.123117223313679,-1.9947895933732873,False,negative
2015-04-01,Gari (white),KG,114.53,-0.15000000000000568,-0.1307987443320613,-0.13317679260418638,False,negative
2015-05-01,Gari (white),KG,114.61,0.0799999999999983,0.06985069414127132,-0.07084172739707657,False,negative
2015-06-01,Gari (white),KG,115.67,1.0600000000000023,0.924875665299707,0.19478591520383637,False,positive
2015-07-01,Gari (white),KG,106.53,-9.14,-7.901789573787498,-2.547363564137748,False,negative
2015-08-01,Gari (white),KG,104.66,-1.8700000000000045,-1.7553740730310796,-0.6378779760155429,False,negative
2015-09-01,Gari (white),KG,103.95,-0.7099999999999937,-0.6783871584177259,-0.3032941861957181,False,negative
2015-10-01,Gari (white),KG,103.87,-0.0799999999999983,-0.07696007696007534,-0.11645092052185473,False,negative
2015-11-01,Gari (white),KG,104.39,0.519999999999996,0.5006257822277815,0.06298567530975885,False,positive
2015-12-01,Gari (white),KG,105.11,0.7199999999999989,0.6897212376664408,0.1217313046761901,False,positive
2016-01-01,Gari (white),KG,105.21,0.09999999999999432,0.0951384264104238,-0.06298567530975885,False,negative
2016-03-01,Gari (white),KG,122.28,,,,False,negative
2018-01-01,Gari (white),KG,195.87,,,,False,negative
2018-10-01,Gari (white),KG,133.84,,,,False,negative
2018-11-01,Gari (white),KG,127.36,-6.480000000000004,-4.841601912731619,-1.5966656760733184,False,negative
2018-12-01,Gari (white),KG,122.77,-4.590000000000003,-3.603957286432169,-1.2121709121178306,False,negative
2019-01-01,Gari (white),KG,183.51,60.739999999999995,49.47462735195896,15.27756890330132,True,positive
2019-02-01,Gari (white),KG,180.0,-3.509999999999991,-1.9127023050514946,-0.6867545922499575,False,negative
2019-03-01,Gari (white),KG,164.52,-15.47999999999999,-8.599999999999996,-2.7642741758862304,False,negative
2019-04-01,Gari (white),KG,157.89,-6.630000000000024,-4.0299051787016875,-1.344498666640703,False,negative
2019-05-01,Gari (white),KG,138.20499999999998,-19.685000000000002,-12.467540692887457,-3.965789630485082,True,negative
2019-06-01,Gari (white),KG,140.375,2.170000000000016,1.5701313266524464,0.39524525379812553,False,positive
2019-08-01,Gari (white),KG,149.25,,,,False,negative
2019-09-01,Gari (white),KG,147.37,-1.8799999999999955,-1.2596314907872719,-0.48386734720326335,False,negative
2019-10-01,Gari (white),KG,141.15,-6.219999999999999,-4.220669064260029,-1.403762621406374,False,negative
2020-01-01,Gari (white),KG,149.25,,,,False,negative
2020-02-01,Gari (white),KG,152.63,3.3799999999999955,2.264656616415417,0.6110110169857235,False,positive
2020-03-01,Gari (white),KG,180.34,27.710000000000008,18.155015396711004,5.547613672196948,True,positive
2020-04-01,Gari (white),KG,202.1,21.75999999999999,12.066097371631358,3.6559906254445376,True,positive
2020-05-01,Gari (white),KG,219.38,17.28,8.550222662048501,2.563726022316812,False,positive
2020-06-01,Gari (white),KG,224.71,5.3300000000000125,2.4295742547178367,0.6622454077500424,False,positive
2020-07-01,Gari (white),KG,251.29,26.579999999999984,11.828579057451826,3.582201634481417,True,positive
2020-08-01,Gari (white),KG,261.01,9.719999999999999,3.86804090891002,1.109128854669033,False,positive
2020-09-01,Gari (white),KG,283.78999999999996,22.779999999999973,8.727634956515073,2.618842084580732,False,positive
2020-10-01,Gari (white),KG,280.08,-3.7099999999999795,-1.3073046971352031,-0.4986778168907988,False,negative
2020-11-01,Gari (white),KG,288.355,8.275000000000034,2.9545129962867955,0.8253263061288741,False,positive
2020-12-01,Gari (white),KG,284.77,-3.5850000000000364,-1.2432591770560664,-0.4787810172748515,False,negative
2021-01-01,Gari (white),KG,293.02,8.25,2.897074832320823,0.807482190922584,False,positive
2021-02-01,Gari (white),KG,297.325,4.305000000000007,1.4691829909221132,0.3638839844211576,False,positive
2021-03-01,Gari (white),KG,321.37,24.045000000000016,8.087110064743964,2.419852437766268,False,positive
2021-04-01,Gari (white),KG,348.25,26.879999999999995,8.364190808102801,2.5059321514017636,False,positive
2021-05-01,Gari (white),KG,350.0,1.75,0.5025125628140614,0.0635718348912266,False,positive
2021-06-01,Gari (white),KG,378.33,28.329999999999984,8.094285714285721,2.4220816719245692,False,positive
2021-07-01,Gari (white),KG,390.06,11.730000000000018,3.1004678455316848,0.8706695929788059,False,positive
2021-08-01,Gari (white),KG,383.15,-6.910000000000025,-1.7715223298979677,-0.6428946989749367,False,negative
2021-09-01,Gari (white),KG,377.52,-5.6299999999999955,-1.4693984079342304,-0.5490349078908947,False,negative
2021-10-01,Gari (white),KG,375.49,-2.0299999999999727,-0.5377198559016638,-0.2595935631510523,False,negative
2021-11-01,Gari (white),KG,363.64,-11.850000000000023,-3.1558763216064434,-1.0729671527004399,False,negative
2021-12-01,Gari (white),KG,332.41,-31.22999999999996,-8.58816411835881,-2.760597163583078,False,negative
2022-01-01,Gari (white),KG,338.61,6.199999999999989,1.865166511236116,0.48690281142373026,False,positive
2022-02-01,Gari (white),KG,338.61,0.0,0.0,-0.09254200030681971,False,negative
2022-03-01,Gari (white),KG,340.65,2.0399999999999636,0.6024630105430973,0.09462309386346301,False,positive
2022-04-01,Gari (white),KG,347.22,6.57000000000005,1.9286657859973744,0.506629910901127,False,positive
2022-05-01,Gari (white),KG,347.22,0.0,0.0,-0.09254200030681971,False,negative
2022-06-01,Gari (white),KG,353.55,6.329999999999984,1.823051667530673,0.4738191389821802,False,positive
2022-07-01,Gari (white),KG,369.6,16.05000000000001,4.539669070852792,1.3177812465629593,False,positive
2022-08-01,Gari (white),KG,353.78,-15.82000000000005,-4.280303030303045,-1.4222888988289946,False,negative
2022-09-01,Gari (white),KG,356.37,2.590000000000032,0.7320933913731897,0.13489491472350612,False,positive
2022-10-01,Gari (white),KG,335.71,-20.660000000000025,-5.79734545556585,-1.8935832080491874,False,negative
2022-11-01,Gari (white),KG,349.36,13.650000000000034,4.066009353310895,1.1706310247452218,False,positive
2022-12-01,Gari (white),KG,345.58,-3.7800000000000296,-1.0819784749255823,-0.42867650085833364,False,negative
2023-01-01,Gari (white),KG,353.33,7.75,2.24260663232827,0.6041608248977416,False,positive
2014-05-01,Oil (palm),L,240.0,,,,False,negative
2014-07-01,Oil (palm),L,240.0,,,,False,negative
2014-09-01,Oil (palm),L,266.66,,,,False,negative
2014-10-01,Oil (palm),L,266.66,0.0,0.0,0.0,False,negative
2014-11-01,Oil (palm),L,266.66,0.0,0.0,0.0,False,negative
2014-12-01,Oil (palm),L,266.66,0.0,0.0,0.0,False,negative
2015-01-01,Oil (palm),L,266.66,0.0,0.0,0.0,False,negative
2015-02-01,Oil (palm),L,250.66000000000003,-16.0,-6.000150003750093,-0.856675406228266,False,negative
2015-03-01,Oil (palm),L,250.66000000000003,0.0,0.0,0.0,False,negative
2015-04-01,Oil (palm),L,250.66000000000003,0.0,0.0,0.0,False,negative
2015-05-01,Oil (palm),L,234.66,-16.00000000000003,-6.383148487991708,-0.9113582694679232,False,negative
2015-06-01,Oil (palm),L,266.91,32.25000000000003,13.743288161595512,1.9622071050537895,False,positive
2015-07-01,Oil (palm),L,269.66,2.75,1.0303098422689283,0.14710317277319138,False,positive
2015-08-01,Oil (palm),L,251.41000000000003,-18.25,-6.767781650967885,-0.96627452505079,False,negative
2015-09-01,Oil (palm),L,251.26,-0.1500000000000341,-0.05966349787202008,-0.008518495578371695,False,negative
2015-10-01,Oil (palm),L,267.16,15.900000000000034,6.328106344026119,0.9034995907662366,False,positive
2015-11-01,Oil (palm),L,266.66,-0.5,-0.18715376553376517,-0.02672100331084751,False,negative
2015-12-01,Oil (palm),L,266.66,0.0,0.0,0.0,False,negative
2016-01-01,Oil (palm),L,267.66,1.0,0.3750093752343808,0.053542212889266624,False,positive
2016-02-01,Oil (palm),L,322.245,54.58499999999998,20.393409549428366,2.911682607804282,False,positive
2016-03-01,Oil (palm),L,275.26,-46.985000000000014,-14.580521032133941,-2.081743584813111,False,negative
2016-04-01,Oil (palm),L,309.58,34.31999999999999,12.468211872411539,1.780157240079413,False,positive
2016-05-01,Oil (palm),L,306.87,-2.7099999999999795,-0.8753795464823244,-0.12498289678057432,False,negative
2016-06-01,Oil (palm),L,333.365,26.495000000000005,8.633949229315352,1.2327178418464781,False,positive
2016-07-01,Oil (palm),L,363.5,30.13499999999999,9.039641234082762,1.2906407875679125,False,positive
2016-08-01,Oil (palm),L,416.5,53.0,14.580467675378262,2.0817359667668422,False,positive
2016-09-01,Oil (palm),L,461.625,45.125,10.834333733493406,1.5468792024452935,False,positive
2016-10-01,Oil (palm),L,484.5,22.875,4.955320877335501,0.7074992330074431,False,positive
2016-11-01,Oil (palm),L,633.0,148.5,30.65015479876161,4.376096230390502,True,positive
2016-12-01,Oil (palm),L,733.0,100.0,15.797788309636651,2.255539729708032,False,positive
2017-01-01,Oil (palm),L,800.0,67.0,9.140518417462484,1.3050435944972352,False,positive
2017-02-01,Oil (palm),L,800.0,0.0,0.0,0.0,False,negative
2017-03-01,Oil (palm),L,750.0,-50.0,-6.25,-0.8923479055657401,False,negative
2017-04-01,Oil (palm),L,667.0,-83.0,-11.06666666666667,-1.5800506914550707,False,negative
2017-05-01,Oil (palm),L,633.5,-33.5,-5.02248875562219,-0.7170891714891106,False,negative
2017-06-01,Oil (palm),L,563.5,-70.0,-11.049723756906083,-1.5776316562488228,False,negative
2017-07-01,Oil (palm),L,550.0,-13.5,-2.395740905057675,-0.3420535006250219,False,negative
2017-08-01,Oil (palm),L,800.0,250.0,45.45454545454546,6.489802949569019,True,positive
2017-09-01,Oil (palm),L,553.0,-247.0,-30.874999999999996,-4.408198653494756,True,negative
2017-10-01,Oil (palm),L,760.0,207.0,37.432188065099446,5.344405539301501,True,positive
2017-11-01,Oil (palm),L,667.0,-93.0,-12.236842105263158,-1.7471232677392383,False,negative
2017-12-01,Oil (palm),L,645.5,-21.5,-3.2233883058470747,-0.46022140856763777,False,negative
2018-01-01,Oil (palm),L,533.33,-112.16999999999996,-17.37722695584817,-2.4810451325746614,False,negative
2018-02-01,Oil (palm),L,600.0,66.66999999999996,12.500703129394552,1.784796200898291,False,positive
2018-03-01,Oil (palm),L,600.0,0.0,0.0,0.0,False,negative
2018-04-01,Oil (palm),L,567.0,-33.0,-5.500000000000005,-0.785266156897852,False,negative
2018-05-01,Oil (palm),L,567.0,0.0,0.0,0.0,False,negative
2018-06-01,Oil (palm),L,600.0,33.0,5.820105820105814,0.8309694781987835,False,positive
2018-07-01,Oil (palm),L,533.0,-67.0,-11.16666666666667,-1.5943282579441225,False,negative
2018-08-01,Oil (palm),L,500.0,-33.0,-6.191369606003749,-0.8839769120801323,False,negative
2018-09-01,Oil (palm),L,500.0,0.0,0.0,0.0,False,negative
2018-10-01,Oil (palm),L,500.0,0.0,0.0,0.0,False,negative
2018-11-01,Oil (palm),L,471.34,-28.660000000000025,-5.732000000000004,-0.8183901111524521,False,negative
2018-12-01,Oil (palm),L,523.33,51.990000000000066,11.030254168965104,1.5748518728854053,False,positive
2019-01-01,Oil (palm),L,500.0,-23.33000000000004,-4.457990178281401,-0.6364925117795276,False,negative
2019-02-01,Oil (palm),L,467.0,-33.0,-6.599999999999994,-0.9423193882774207,False,negative
2019-03-01,Oil (palm),L,467.0,0.0,0.0,0.0,False,negative
2019-04-01,Oil (palm),L,467.0,0.0,0.0,0.0,False,negative
2019-05-01,Oil (palm),L,467.0,0.0,0.0,0.0,False,negative
2019-06-01,Oil (palm),L,466.66,-0.339999999999975,-0.07280513918629383,-0.010394802154769837,False,negative
2019-07-01,Oil (palm),L,466.66,0.0,0.0,0.0,False,negative
2019-08-01,Oil (palm),L,400.0,-66.66000000000003,-14.284489778425414,-2.039477525736502,False,negative
2019-09-01,Oil (palm),L,407.33500000000004,7.335000000000036,1.8337500000000118,0.2618148754929898,False,positive
2019-10-01,Oil (palm),L,466.66,59.32499999999999,14.564179360968232,2.079410391847005,False,positive
2019-11-01,Oil (palm),L,467.0,0.339999999999975,0.07285818368834018,0.010402375618818292,False,positive
2019-12-01,Oil (palm),L,467.0,0.0,0.0,0.0,False,negative
2020-01-01,Oil (palm),L,467.0,0.0,0.0,0.0,False,negative
2020-02-01,Oil (palm),L,483.33,16.329999999999984,3.496788008565299,0.4992562329041023,False,positive
2020-03-01,Oil (palm),L,533.0,49.670000000000016,10.276622597397234,1.4672516241723161,False,positive
2020-04-01,Oil (palm),L,533.33,0.3300000000000409,0.06191369606003416,0.008839769120800846,False,positive
2020-05-01,Oil (palm),L,514.11,-19.220000000000027,-3.6037725235782747,-0.5145310181680696,False,negative
2020-06-01,Oil (palm),L,509.56,-4.550000000000011,-0.8850246056291478,-0.1263599765131704,False,negative
2020-07-01,Oil (palm),L,533.33,23.77000000000004,4.664808854698177,0.6660211858167098,False,positive
2020-08-01,Oil (palm),L,533.0,-0.3300000000000409,-0.06187538672117743,-0.00883429947947406,False,negative
2020-09-01,Oil (palm),L,533.0,0.0,0.0,0.0,False,negative
2020-10-01,Oil (palm),L,511.0,-22.0,-4.12757973733584,-0.5893179413867559,False,negative
2020-11-01,Oil (palm),L,600.0,89.0,17.416829745596864,2.4866994472125508,False,positive
2020-12-01,Oil (palm),L,667.0,67.0,11.166666666666657,1.594328257944121,False,positive
2021-01-01,Oil (palm),L,712.0,45.0,6.746626686656665,0.9632541109555205,False,positive
2021-02-01,Oil (palm),L,720.0,8.0,1.1235955056179803,0.16042209538260535,False,positive
2021-03-01,Oil (palm),L,729.9449999999999,9.944999999999936,1.3812500000000005,0.1972088871300286,False,positive
2021-04-01,Oil (palm),L,745.51,15.565000000000055,2.132352437512419,0.3044480370467533,False,positive
2021-05-01,Oil (palm),L,733.0,-12.509999999999991,-1.678045901463432,-0.23958411929825082,False,negative
2021-06-01,Oil (palm),L,747.9449999999999,14.944999999999936,2.0388813096862135,0.2911026346233001,False,positive
2021-07-01,Oil (palm),L,800.0,52.055000000000064,6.959736344249912,0.993680984012987,False,positive
2021-08-01,Oil (palm),L,800.0,0.0,0.0,0.0,False,negative
2021-09-01,Oil (palm),L,853.0,53.0,6.624999999999992,0.9458887798996832,False,positive
2021-10-01,Oil (palm),L,894.04,41.039999999999964,4.811254396248521,0.6869300453818122,False,positive
2021-11-01,Oil (palm),L,916.5,22.460000000000036,2.5121918482394534,0.35867986146492825,False,positive
2021-12-01,Oil (palm),L,933.0,16.5,1.8003273322422242,0.25704293188145677,False,positive
2022-01-01,Oil (palm),L,926.5,-6.5,-0.6966773847802754,-0.09946857682619134,False,negative
2022-02-01,Oil (palm),L,926.5,0.0,0.0,0.0,False,negative
2022-03-01,Oil (palm),L,933.0,6.5,0.7015650296815945,0.10016641357672593,False,positive
2022-04-01,Oil (palm),L,988.0450000000001,55.04500000000007,5.899785637727772,0.8423458171381139,False,positive
2022-05-01,Oil (palm),L,1243.045,255.0,25.808541108957584,3.6848316166856963,True,positive
2022-06-01,Oil (palm),L,936.975,-306.07000000000005,-24.62260014721913,-3.5155081073525873,True,negative
2022-07-01,Oil (palm),L,1020.2149999999999,83.2399999999999,8.883908321993639,1.2684059174990514,False,positive
2022-08-01,Oil (palm),L,1059.085,38.87000000000012,3.809981229446757,0.5439726032546555,False,positive
2022-09-01,Oil (palm),L,1111.1100000000001,52.02500000000009,4.912259167111244,0.701351068698852,False,positive
2022-10-01,Oil (palm),L,1180.3000000000002,69.19000000000005,6.227106227106227,0.8890792319189791,False,positive
2022-11-01,Oil (palm),L,1214.01,33.70999999999981,2.8560535457087033,0.40777494395148267,False,positive
2022-12-01,Oil (palm),L,1213.935,-0.07500000000004547,-0.00617787332889419,-0.0008820499721422681,False,negative
2023-01-01,Oil (palm),L,1232.6,18.664999999999964,1.5375617310646739,0.21952639846297525,False,positive
2023-02-01,Oil (palm),L,1260.5,27.90000000000009,2.263508031802708,0.32317386422566025,False,positive
2023-03-01,Oil (palm),L,1200.0,-60.5,-4.799682665608884,-0.6852778838458041,False,negative
2023-04-01,Oil (palm),L,1207.5,7.5,0.6250000000000089,0.08923479055657527,False,positive
2023-05-01,Oil (palm),L,1300.0,92.5,7.660455486542439,1.0937266254553164,False,positive
2023-06-01,Oil (palm),L,1300.0,0.0,0.0,0.0,False,negative
2023-07-01,Oil (palm),L,1300.0,0.0,0.0,0.0,False,negative
2023-08-01,Oil (palm),L,1380.55,80.54999999999995,6.19615384615384,0.8846599851485573,False,positive
2023-09-01,Oil (palm),L,1300.0,-80.54999999999995,-5.834631125276157,-0.8330433383022169,False,negative
2023-10-01,Oil (palm),L,1371.9,71.90000000000009,5.530769230769228,0.7896592542790974,False,positive
2023-11-01,Oil (palm),L,1466.73,94.82999999999993,6.91231139295867,0.9869098550599794,False,positive
2023-12-01,Oil (palm),L,1331.205,-135.5250000000001,-9.239941911599281,-1.319238849978355,False,negative
2024-01-01,Oil (palm),L,1600.0,268.7950000000001,20.191856250539942,2.8829057015446105,False,positive
2024-02-01,Oil (palm),L,1357.88,-242.1199999999999,-15.132499999999993,-2.1605527489557685,False,negative
2024-03-01,Oil (palm),L,1600.0,242.1199999999999,17.830736147524064,2.5457952089501488,False,positive
2024-04-01,Oil (palm),L,1467.0,-133.0,-8.3125,-1.1868227144024341,False,negative
2024-05-01,Oil (palm),L,1467.0,0.0,0.0,0.0,False,negative
2024-06-01,Oil (palm),L,1591.595,124.59500000000003,8.49318336741649,1.2126199023199813,False,positive
2024-07-01,Oil (palm),L,1479.87,-111.72500000000014,-7.019687797461049,-1.00224059260636,False,negative
2024-08-01,Oil (palm),L,1600.0,120.13000000000011,8.117604924756904,1.1589964404507136,False,positive
2024-09-01,Oil (palm),L,1733.0,133.0,8.31249999999999,1.1868227144024328,False,positive
2024-10-01,Oil (palm),L,1687.5,-45.5,-2.6255049047893775,-0.3748582084546206,False,negative
2024-11-01,Oil (palm),L,1878.26,190.76,11.3042962962963,1.6139784198231288,False,positive
2024-12-01,Oil (palm),L,2385.87,507.6099999999999,27.025544919233745,3.858590144872169,True,positive
2025-01-01,Oil (palm),L,2500.0,114.13000000000011,4.783579993880638,0.68297881418329,False,positive
2025-02-01,Oil (palm),L,2515.63,15.63000000000011,0.6252000000000146,0.0892633456895542,False,positive
2025-03-01,Oil (palm),L,2370.97,-144.6600000000003,-5.7504481978669535,-0.8210240648689375,False,negative
2025-04-01,Oil (palm),L,2222.22,-148.75,-6.2738035487585275,-0.8957464730664926,False,negative
2025-05-01,Oil (palm),L,2437.5,215.2800000000002,9.687609687609688,1.3831549143483006,False,positive
2025-06-01,Oil (palm),L,2500.0,62.5,2.564102564102555,0.36609144843722535,False,positive
2025-07-01,Oil (palm),L,2500.0,0.0,0.0,0.0,False,negative
2025-08-01,Oil (palm),L,2533.705,33.70499999999993,1.3481999999999994,0.19249015140539683,False,positive
2025-09-01,Oil (palm),L,2500.0,-33.70499999999993,-1.3302653623843308,-0.18992952159524923,False,negative
2025-10-01,Oil (palm),L,2469.76,-30.23999999999978,-1.2095999999999885,-0.1727014442515694,False,negative
2025-11-01,Oil (palm),L,2500.0,30.23999999999978,1.22441046903341,0.1748160188151566,False,positive
2025-12-01,Oil (palm),L,2937.5,437.5,17.500000000000004,2.4985741355840725,False,positive
2026-01-01,Oil (palm),L,2500.0,-437.5,-14.893617021276595,-2.126446072837508,False,negative
2026-02-01,Oil (palm),L,2500.0,0.0,0.0,0.0,False,negative
2026-03-01,Oil (palm),L,2500.0,0.0,0.0,0.0,False,negative
2026-04-01,Oil (palm),L,2475.0,-25.0,-1.0000000000000009,-0.14277566489051852,False,negative
2026-05-01,Oil (palm),L,2468.75,-6.25,-0.2525252525252486,-0.036054460830938426,False,negative
2026-06-01,Oil (palm),L,2564.585,95.83500000000004,3.8819240506329233,0.5542442873836101,False,positive
2026-07-01,Oil (palm),L,2500.0,-64.58500000000004,-2.5183411741080963,-0.3595578355544522,False,negative
2016-01-01,Tomatoes,0.5 KG,200.0,,,,False,negative
2016-12-01,Tomatoes,0.5 KG,43.0,,,,False,negative
2017-02-01,Tomatoes,0.5 KG,30.0,,,,False,negative
2017-03-01,Tomatoes,0.5 KG,50.0,20.0,66.66666666666667,3.390747345814962,False,positive
2017-04-01,Tomatoes,0.5 KG,50.0,0.0,0.0,0.0,False,negative
2017-05-01,Tomatoes,0.5 KG,50.0,0.0,0.0,0.0,False,negative
2017-06-01,Tomatoes,0.5 KG,25.0,-25.0,-50.0,-2.5430605093612213,False,negative
2017-07-01,Tomatoes,0.5 KG,65.0,40.0,160.0,8.137793629955908,True,positive
2017-08-01,Tomatoes,0.5 KG,50.0,-15.0,-23.076923076923073,-1.1737202350897942,False,negative
2017-09-01,Tomatoes,0.5 KG,70.0,20.0,39.99999999999999,2.0344484074889766,False,positive
2017-10-01,Tomatoes,0.5 KG,60.0,-10.0,-14.28571428571429,-0.7265887169603491,False,negative
2017-11-01,Tomatoes,0.5 KG,50.0,-10.0,-16.666666666666664,-0.8476868364537403,False,negative
2017-12-01,Tomatoes,0.5 KG,50.0,0.0,0.0,0.0,False,negative
2018-01-01,Tomatoes,0.5 KG,40.0,-10.0,-19.999999999999996,-1.0172242037444883,False,negative
2018-02-01,Tomatoes,0.5 KG,40.0,0.0,0.0,0.0,False,negative
2018-03-01,Tomatoes,0.5 KG,50.0,10.0,25.0,1.2715302546806106,False,positive
2018-04-01,Tomatoes,0.5 KG,55.0,5.0,10.000000000000009,0.5086121018722447,False,positive
2018-05-01,Tomatoes,0.5 KG,75.0,20.0,36.36363636363635,1.8494985522627059,False,positive
2018-06-01,Tomatoes,0.5 KG,67.7,-7.299999999999997,-9.733333333333327,-0.49504911248898414,False,negative
2018-07-01,Tomatoes,0.5 KG,100.0,32.3,47.71048744460855,2.4266131300551677,False,positive
2018-08-01,Tomatoes,0.5 KG,100.0,0.0,0.0,0.0,False,negative
2018-09-01,Tomatoes,0.5 KG,50.0,-50.0,-50.0,-2.5430605093612213,False,negative
2018-10-01,Tomatoes,0.5 KG,65.0,15.0,30.000000000000004,1.525836305616733,False,positive
2018-11-01,Tomatoes,0.5 KG,90.0,25.0,38.46153846153846,1.956200391816324,False,positive
2018-12-01,Tomatoes,0.5 KG,85.7,-4.299999999999997,-4.77777777777777,-0.2430035597834052,False,negative
2019-01-01,Tomatoes,0.5 KG,70.0,-15.700000000000003,-18.319719953325553,-0.9317631271171801,False,negative
2019-02-01,Tomatoes,0.5 KG,75.0,5.0,7.14285714285714,0.36329435848017433,False,positive
2019-03-01,Tomatoes,0.5 KG,50.0,-25.0,-33.333333333333336,-1.695373672907481,False,negative
2019-04-01,Tomatoes,0.5 KG,50.0,0.0,0.0,0.0,False,negative
2019-05-01,Tomatoes,0.5 KG,80.0,30.0,60.00000000000001,3.051672611233466,False,positive
2019-06-01,Tomatoes,0.5 KG,92.5,12.5,15.625,0.7947064091753817,False,positive
2019-07-01,Tomatoes,0.5 KG,91.7,-0.7999999999999972,-0.8648648648648671,-0.04398807367543746,False,negative
2019-08-01,Tomatoes,0.5 KG,85.0,-6.700000000000003,-7.306434023991281,-0.3716140766133085,False,negative
2019-09-01,Tomatoes,0.5 KG,80.0,-5.0,-5.882352941176472,-0.2991835893366144,False,negative
2019-10-01,Tomatoes,0.5 KG,70.0,-10.0,-12.5,-0.6357651273403053,False,negative
2019-11-01,Tomatoes,0.5 KG,75.0,5.0,7.14285714285714,0.36329435848017433,False,positive
2019-12-01,Tomatoes,0.5 KG,75.0,0.0,0.0,0.0,False,negative
2020-01-01,Tomatoes,0.5 KG,73.5,-1.5,-2.0000000000000018,-0.10172242037444894,False,negative
2020-02-01,Tomatoes,0.5 KG,50.0,-23.5,-31.97278911564626,-1.626174747482686,False,negative
2020-03-01,Tomatoes,0.5 KG,60.0,10.0,19.999999999999996,1.0172242037444883,False,positive
2020-04-01,Tomatoes,0.5 KG,61.25,1.25,2.083333333333326,0.10596085455671718,False,positive
2020-05-01,Tomatoes,0.5 KG,58.0,-3.25,-5.306122448979589,-0.2698758091567009,False,negative
2020-06-01,Tomatoes,0.5 KG,50.0,-8.0,-13.793103448275868,-0.7015339336168889,False,negative
2020-07-01,Tomatoes,0.5 KG,80.0,30.0,60.00000000000001,3.051672611233466,False,positive
2020-08-01,Tomatoes,0.5 KG,65.0,-15.0,-18.75,-0.953647691010458,False,negative
2020-09-01,Tomatoes,0.5 KG,59.0,-6.0,-9.230769230769232,-0.46948809403591785,False,negative
2020-10-01,Tomatoes,0.5 KG,70.0,11.0,18.644067796610166,0.9482598509482518,False,positive
2020-11-01,Tomatoes,0.5 KG,60.0,-10.0,-14.28571428571429,-0.7265887169603491,False,negative
2020-12-01,Tomatoes,0.5 KG,60.0,0.0,0.0,0.0,False,negative
2021-01-01,Tomatoes,0.5 KG,61.0,1.0,1.6666666666666607,0.08476868364537375,False,positive
2021-02-01,Tomatoes,0.5 KG,58.0,-3.0,-4.918032786885251,-0.2501370992814319,False,negative
2021-03-01,Tomatoes,0.5 KG,70.0,12.0,20.68965517241379,1.0523009004253328,False,positive
2021-04-01,Tomatoes,0.5 KG,70.0,0.0,0.0,0.0,False,negative
2021-05-01,Tomatoes,0.5 KG,69.0,-1.0,-1.4285714285714235,-0.07265887169603463,False,negative
2021-06-01,Tomatoes,0.5 KG,100.0,31.0,44.927536231884055,2.2850688634839957,False,positive
2021-07-01,Tomatoes,0.5 KG,100.0,0.0,0.0,0.0,False,negative
2021-08-01,Tomatoes,0.5 KG,100.0,0.0,0.0,0.0,False,negative
2021-09-01,Tomatoes,0.5 KG,100.0,0.0,0.0,0.0,False,negative
2021-10-01,Tomatoes,0.5 KG,100.0,0.0,0.0,0.0,False,negative
2021-11-01,Tomatoes,0.5 KG,80.0,-20.0,-19.999999999999996,-1.0172242037444883,False,negative
2021-12-01,Tomatoes,0.5 KG,80.0,0.0,0.0,0.0,False,negative
2022-01-01,Tomatoes,0.5 KG,75.0,-5.0,-6.25,-0.31788256367015266,False,negative
2022-02-01,Tomatoes,0.5 KG,63.0,-12.0,-16.000000000000004,-0.813779362995591,False,negative
2022-03-01,Tomatoes,0.5 KG,71.0,8.0,12.698412698412698,0.645856637298088,False,positive
2022-04-01,Tomatoes,0.5 KG,57.0,-14.0,-19.718309859154925,-1.0028971022832984,False,negative
2022-05-01,Tomatoes,0.5 KG,75.0,18.0,31.578947368421062,1.6061434795965612,False,positive
2023-02-01,Tomatoes,0.5 KG,62.0,,,,False,negative
2023-03-01,Tomatoes,0.5 KG,50.0,-12.0,-19.354838709677423,-0.9844105197527311,False,negative
2023-04-01,Tomatoes,0.5 KG,53.0,3.0,6.000000000000005,0.3051672611233468,False,positive
2023-05-01,Tomatoes,0.5 KG,84.5,31.5,59.43396226415094,3.022883246976546,False,positive
2023-06-01,Tomatoes,0.5 KG,100.0,15.5,18.343195266272193,0.9329571099431702,False,positive
2023-07-01,Tomatoes,0.5 KG,150.0,50.0,50.0,2.5430605093612213,False,positive
2023-08-01,Tomatoes,0.5 KG,158.33499999999998,8.33499999999998,5.556666666666654,0.2826187912736764,False,positive
2023-09-01,Tomatoes,0.5 KG,135.0,-23.33499999999998,-14.737739602741017,-0.7495792716195923,False,negative
2023-10-01,Tomatoes,0.5 KG,106.855,-28.144999999999996,-20.848148148148148,-1.0603620449773568,False,negative
2023-11-01,Tomatoes,0.5 KG,129.81,22.955,21.48238266810163,1.092619980204704,False,positive
2023-12-01,Tomatoes,0.5 KG,200.0,70.19,54.07133502811801,2.7501335359689403,False,positive
2024-01-01,Tomatoes,0.5 KG,150.235,-49.764999999999986,-24.882499999999997,-1.2655540624836117,False,negative
2024-02-01,Tomatoes,0.5 KG,131.11,-19.125,-12.730056245215826,-0.6474660663831111,False,negative
2024-03-01,Tomatoes,0.5 KG,158.82,27.70999999999998,21.134924872244664,1.0749478562184331,False,positive
2024-04-01,Tomatoes,0.5 KG,150.0,-8.819999999999993,-5.553456743483187,-0.28245553069595725,False,negative
2024-05-01,Tomatoes,0.5 KG,206.45,56.44999999999999,37.63333333333332,1.9140768767125451,False,positive
2024-06-01,Tomatoes,0.5 KG,294.445,87.995,42.6229111164931,2.16785284108734,False,positive
2024-07-01,Tomatoes,0.5 KG,358.06,63.61500000000001,21.605053575370615,1.0988591710031694,False,positive
2024-08-01,Tomatoes,0.5 KG,200.0,-158.06,-44.143439646986536,-2.2451887622724382,False,negative
2024-09-01,Tomatoes,0.5 KG,200.0,0.0,0.0,0.0,False,negative
2024-10-01,Tomatoes,0.5 KG,200.0,0.0,0.0,0.0,False,negative
2024-11-01,Tomatoes,0.5 KG,200.0,0.0,0.0,0.0,False,negative
2024-12-01,Tomatoes,0.5 KG,216.67,16.669999999999987,8.335000000000004,0.42392818691051587,False,positive
2025-01-01,Tomatoes,0.5 KG,200.0,-16.669999999999987,-7.69372778880324,-0.391312306189611,False,negative
2025-02-01,Tomatoes,0.5 KG,200.0,0.0,0.0,0.0,False,negative
2025-03-01,Tomatoes,0.5 KG,200.0,0.0,0.0,0.0,False,negative
2025-04-01,Tomatoes,0.5 KG,200.0,0.0,0.0,0.0,False,negative
2025-05-01,Tomatoes,0.5 KG,200.0,0.0,0.0,0.0,False,negative
2025-06-01,Tomatoes,0.5 KG,246.67,46.66999999999999,23.334999999999994,1.1868463397188818,False,positive
2025-07-01,Tomatoes,0.5 KG,306.25,59.58000000000001,24.15372765232904,1.228487818930082,False,positive
2025-08-01,Tomatoes,0.5 KG,258.335,-47.91500000000002,-15.645714285714297,-0.7957599628149747,False,negative
2025-09-01,Tomatoes,0.5 KG,200.0,-58.33499999999998,-22.58114463777653,-1.148504343690068,False,negative
2025-10-01,Tomatoes,0.5 KG,200.0,0.0,0.0,0.0,False,negative
2025-11-01,Tomatoes,0.5 KG,208.7,8.699999999999989,4.349999999999987,0.2212462643144256,False,positive
2025-12-01,Tomatoes,0.5 KG,200.0,-8.699999999999989,-4.168663152850982,-0.2120232528168915,False,negative
2026-01-01,Tomatoes,0.5 KG,196.0,-4.0,-2.0000000000000018,-0.10172242037444894,False,negative
2026-02-01,Tomatoes,0.5 KG,200.0,4.0,2.0408163265306145,0.10379838813719283,False,positive
2026-03-01,Tomatoes,0.5 KG,200.0,0.0,0.0,0.0,False,negative
2026-04-01,Tomatoes,0.5 KG,200.0,0.0,0.0,0.0,False,negative
2026-05-01,Tomatoes,0.5 KG,233.87,33.870000000000005,16.93500000000001,0.8613345945206462,False,positive
2026-06-01,Tomatoes,0.5 KG,350.0,116.13,49.655791679137984,2.5255536576056667,False,positive
2026-07-01,Tomatoes,0.5 KG,500.0,150.0,42.85714285714286,2.179766150881047,False,positive
