month,commodity,unit,price,observation_count,price_change,pct_change,rolling_median,rolling_mad,robust_z,spike,data_coverage,direction
2017-07-01,Beans (red),2.5 KG,1875.0,17,1042.0,125.09003601440578,3.7018990984078237,3.5676428046606534,22.94969054718148,True,Moderate,positive
2017-09-01,Beans (red),2.5 KG,1250.0,19,-677.0,-35.132330046704716,3.7018990984078237,3.5676428046606534,-7.342015160306917,True,Moderate,negative
2018-06-01,Beans (red),2.5 KG,979.0,19,-688.0,-41.27174565086983,1.3866666666666694,2.997571251548947,-9.598804062892693,True,Moderate,negative
2020-01-01,Beans (red),2.5 KG,313.0,19,-104.0,-24.940047961630697,-4.2384274485891105,1.9289354247777086,-7.238833844142646,True,Moderate,negative
2021-03-01,Beans (red),2.5 KG,1208.0,19,458.0,61.06666666666667,9.31856942215088,9.616060805815504,3.629770266252576,True,Moderate,positive
2023-04-01,Beans (red),2.5 KG,1189.5,16,227.0,23.584415584415574,1.5509601181683985,2.5259676852110173,5.883513791167997,True,Moderate,positive
2023-07-01,Beans (red),2.5 KG,1369.355,26,166.35500000000002,13.828345802161257,2.984447246742339,2.042545468396917,3.5809286445753328,True,Moderate,positive
2023-10-01,Beans (red),2.5 KG,1681.65,31,193.5,13.002721499848802,3.5816618911174825,1.5556279910978077,4.084848525774402,True,Good,positive
2024-01-01,Beans (red),2.5 KG,2225.0,25,425.0,23.611111111111114,4.131507169433779,1.5556279910978077,8.446102110433978,True,Moderate,positive
2024-02-01,Beans (red),2.5 KG,2515.52,19,290.52,13.057078651685394,4.293402313204275,1.5556279910978077,3.7998157169530278,True,Moderate,positive
2024-06-01,Beans (red),2.5 KG,5000.0,20,1301.6100000000001,35.193962778398166,11.03279691073521,3.8458020856418633,4.237531213210819,True,Moderate,positive
2024-10-01,Beans (red),2.5 KG,4429.03,33,-1570.9700000000003,-26.182833333333335,12.298527416591064,7.237001877536091,-3.586523572197949,True,Good,negative
2026-02-01,Beans (red),2.5 KG,2291.07,27,791.0700000000002,52.73800000000002,-6.473828861175335,5.906589241258886,6.761665139651832,True,Moderate,positive
2019-01-01,Gari (white),KG,183.51,8,60.739999999999995,49.47462735195896,-0.6783871584177259,1.0943141890413344,30.912701878501657,True,Limited,positive
2016-02-01,Oil (palm),L,322.245,2,54.58499999999998,20.393409549428366,0.0,0.7026596087516546,19.576128426575142,True,Limited,positive
2016-03-01,Oil (palm),L,275.26,5,-46.985000000000014,-14.580521032133941,0.0,1.0303098422689283,-9.5452465197429,True,Limited,negative
2019-10-01,Oil (palm),L,466.66,33,59.32499999999999,14.564179360968232,0.0,2.2289950891407004,4.4071604405194735,True,Good,positive
2020-03-01,Oil (palm),L,533.0,23,49.670000000000016,10.276622597397234,0.0,0.953304091844176,7.271113174952624,True,Moderate,positive
2020-11-01,Oil (palm),L,600.0,33,89.0,17.416829745596864,0.0,0.5226213901272647,22.478321563808148,True,Good,positive
2022-05-01,Oil (palm),L,1243.045,32,255.0,25.808541108957584,1.9196043209642188,2.3226209218067115,6.937459191992268,True,Good,positive
2022-06-01,Oil (palm),L,936.975,16,-306.07000000000005,-24.62260014721913,2.2755365789628335,2.3226209218067115,-7.811344955808322,True,Moderate,negative
2016-01-01,Rice (local),2.7 KG,2207.0,2,1751.5,384.5225027442371,-1.5425531914893598,7.127429805615559,36.53503258965564,True,Limited,positive
2016-02-01,Rice (local),2.7 KG,409.0,1,-1798.0,-81.46805618486633,-1.5425531914893598,8.245422986900541,-6.538142658621504,True,Limited,negative
2017-07-01,Rice (local),2.7 KG,1543.0,17,723.0,88.17073170731706,-0.6160830090791158,5.042461896447484,11.876481717868929,True,Moderate,positive
2018-01-01,Rice (local),2.7 KG,723.0,30,-434.0,-37.51080380293863,0.0,4.733728358587524,-5.344843482449333,True,Good,negative
2018-02-01,Rice (local),2.7 KG,1157.0,20,434.0,60.02766251728908,-1.5084852294154627,4.953805451149007,8.37863579110179,True,Moderate,positive
2018-06-01,Rice (local),2.7 KG,771.0,19,-386.0,-33.36214347450303,0.0,3.0638967653843494,-7.344492160371284,True,Moderate,negative
2020-10-01,Rice (local),2.7 KG,804.0,33,-305.0,-27.50225428313796,4.790114267485701,4.148364024252304,-5.2505523768062945,True,Good,negative
2023-02-01,Rice (local),2.7 KG,1630.5,16,233.5,16.714387974230505,1.9070791926350972,1.641530997589541,6.084277292266795,True,Moderate,positive
2020-07-01,Tomatoes,0.5 KG,80.0,15,30.0,60.00000000000001,-3.6530612244897953,6.3781772663676595,6.731388608828846,True,Moderate,positive
2021-11-01,Tomatoes,0.5 KG,80.0,17,-20.0,-19.999999999999996,0.0,2.3619939779190413,-5.711276203965992,True,Moderate,negative
2022-02-01,Tomatoes,0.5 KG,63.0,17,-12.0,-16.000000000000004,0.0,1.6477082636333296,-6.549703147208094,True,Moderate,negative
2022-03-01,Tomatoes,0.5 KG,71.0,17,8.0,12.698412698412698,0.0,1.744730679156914,4.909112602535406,True,Moderate,positive
2022-04-01,Tomatoes,0.5 KG,57.0,17,-14.0,-19.718309859154925,0.0,1.744730679156914,-7.6229530201342035,True,Moderate,negative
2022-05-01,Tomatoes,0.5 KG,75.0,17,18.0,31.578947368421062,0.0,3.6402224824356013,5.851290711700839,True,Moderate,positive
2026-05-01,Tomatoes,0.5 KG,233.87,17,33.870000000000005,16.93500000000001,0.0,3.1047397396907983,3.679103067472442,True,Moderate,positive
2026-06-01,Tomatoes,0.5 KG,350.0,15,116.13,49.655791679137984,0.0,4.259331576425485,7.863400838045677,True,Moderate,positive
2026-07-01,Tomatoes,0.5 KG,500.0,1,150.0,42.85714285714286,0.0,4.259331576425485,6.786779178483752,True,Limited,positive
2017-09-01,Yam,2.5 KG,403.0,32,-147.0,-26.727272727272723,9.152510020996374,6.576620301950896,-3.679840457952015,True,Good,negative
2018-07-01,Yam,2.5 KG,640.0,33,237.0,58.8089330024814,3.625377643504535,10.218955319381367,3.6423789835968465,True,Good,positive
2022-05-01,Yam,2.5 KG,740.5,32,146.66499999999996,24.697937979405047,1.2087181417656523,3.8799829115135793,4.083388803974716,True,Good,positive
2023-02-01,Yam,2.5 KG,645.0,16,-180.0,-21.818181818181813,2.3629135026403625,3.4944386367471103,-4.667458922408575,True,Moderate,negative
2023-06-01,Yam,2.5 KG,1000.0,30,307.0,44.300144300144304,0.6091902948496264,4.841006887738885,6.087483277747567,True,Good,positive
2023-07-01,Yam,2.5 KG,1390.32,25,390.31999999999994,39.032,0.6091902948496264,4.841006887738885,5.353470000582614,True,Moderate,positive
